patient_id,probable_condition_label,urgency_label_demo,model_name,confidence_demo,explanation_demo
P00001,Urinary Tract Infection,priority_review,MediSense-Demo-Classifier-v1,0.64,Synthetic explanation for software testing only; clinician review is required.
P00002,Hypertension,routine_review,MediSense-Demo-Classifier-v1,0.69,Synthetic explanation for software testing only; clinician review is required.
P00003,Gastroenteritis,routine_review,MediSense-Demo-Classifier-v1,0.86,Synthetic explanation for software testing only; clinician review is required.
P00004,Asthma Exacerbation,urgent_review,MediSense-Demo-Classifier-v1,0.86,Synthetic explanation for software testing only; clinician review is required.
P00005,Acid Reflux,priority_review,MediSense-Demo-Classifier-v1,0.91,Synthetic explanation for software testing only; clinician review is required.
P00006,Urinary Tract Infection,routine_review,MediSense-Demo-Classifier-v1,0.88,Synthetic explanation for software testing only; clinician review is required.
P00007,Type 2 Diabetes,routine_review,MediSense-Demo-Classifier-v1,0.8,Synthetic explanation for software testing only; clinician review is required.
P00008,Hypertension,routine_review,MediSense-Demo-Classifier-v1,0.73,Synthetic explanation for software testing only; clinician review is required.
P00009,Common Cold,routine_review,MediSense-Demo-Classifier-v1,0.62,Synthetic explanation for software testing only; clinician review is required.
P00010,Gastroenteritis,routine_review,MediSense-Demo-Classifier-v1,0.84,Synthetic explanation for software testing only; clinician review is required.
P00011,Viral Fever,routine_review,MediSense-Demo-Classifier-v1,0.72,Synthetic explanation for software testing only; clinician review is required.
P00012,Acid Reflux,routine_review,MediSense-Demo-Classifier-v1,0.71,Synthetic explanation for software testing only; clinician review is required.
P00013,Gastroenteritis,urgent_review,MediSense-Demo-Classifier-v1,0.95,Synthetic explanation for software testing only; clinician review is required.
P00014,Common Cold,routine_review,MediSense-Demo-Classifier-v1,0.68,Synthetic explanation for software testing only; clinician review is required.
P00015,Asthma Exacerbation,urgent_review,MediSense-Demo-Classifier-v1,0.63,Synthetic explanation for software testing only; clinician review is required.
P00016,Common Cold,routine_review,MediSense-Demo-Classifier-v1,0.94,Synthetic explanation for software testing only; clinician review is required.
P00017,Viral Fever,routine_review,MediSense-Demo-Classifier-v1,0.72,Synthetic explanation for software testing only; clinician review is required.
P00018,Urinary Tract Infection,priority_review,MediSense-Demo-Classifier-v1,0.75,Synthetic explanation for software testing only; clinician review is required.
P00019,Viral Fever,routine_review,MediSense-Demo-Classifier-v1,0.65,Synthetic explanation for software testing only; clinician review is required.
P00020,Type 2 Diabetes,routine_review,MediSense-Demo-Classifier-v1,0.76,Synthetic explanation for software testing only; clinician review is required.
P00021,Viral Fever,routine_review,MediSense-Demo-Classifier-v1,0.95,Synthetic explanation for software testing only; clinician review is required.
P00022,Asthma Exacerbation,urgent_review,MediSense-Demo-Classifier-v1,0.86,Synthetic explanation for software testing only; clinician review is required.
P00023,Viral Fever,routine_review,MediSense-Demo-Classifier-v1,0.78,Synthetic explanation for software testing only; clinician review is required.
P00024,Hypertension,routine_review,MediSense-Demo-Classifier-v1,0.72,Synthetic explanation for software testing only; clinician review is required.
P00025,Type 2 Diabetes,routine_review,MediSense-Demo-Classifier-v1,0.74,Synthetic explanation for software testing only; clinician review is required.
P00026,Common Cold,routine_review,MediSense-Demo-Classifier-v1,0.83,Synthetic explanation for software testing only; clinician review is required.
P00027,Asthma Exacerbation,urgent_review,MediSense-Demo-Classifier-v1,0.71,Synthetic explanation for software testing only; clinician review is required.
P00028,Seasonal Allergy,routine_review,MediSense-Demo-Classifier-v1,0.67,Synthetic explanation for software testing only; clinician review is required.
P00029,Type 2 Diabetes,priority_review,MediSense-Demo-Classifier-v1,0.86,Synthetic explanation for software testing only; clinician review is required.
P00030,Viral Fever,routine_review,MediSense-Demo-Classifier-v1,0.92,Synthetic explanation for software testing only; clinician review is required.
P00031,Gastroenteritis,routine_review,MediSense-Demo-Classifier-v1,0.93,Synthetic explanation for software testing only; clinician review is required.
P00032,Seasonal Allergy,routine_review,MediSense-Demo-Classifier-v1,0.91,Synthetic explanation for software testing only; clinician review is required.
P00033,Migraine,priority_review,MediSense-Demo-Classifier-v1,0.8,Synthetic explanation for software testing only; clinician review is required.
P00034,Viral Fever,routine_review,MediSense-Demo-Classifier-v1,0.89,Synthetic explanation for software testing only; clinician review is required.
P00035,Seasonal Allergy,routine_review,MediSense-Demo-Classifier-v1,0.93,Synthetic explanation for software testing only; clinician review is required.
P00036,Common Cold,routine_review,MediSense-Demo-Classifier-v1,0.63,Synthetic explanation for software testing only; clinician review is required.
P00037,Type 2 Diabetes,routine_review,MediSense-Demo-Classifier-v1,0.76,Synthetic explanation for software testing only; clinician review is required.
P00038,Hypertension,routine_review,MediSense-Demo-Classifier-v1,0.69,Synthetic explanation for software testing only; clinician review is required.
P00039,Seasonal Allergy,routine_review,MediSense-Demo-Classifier-v1,0.96,Synthetic explanation for software testing only; clinician review is required.
P00040,Migraine,routine_review,MediSense-Demo-Classifier-v1,0.94,Synthetic explanation for software testing only; clinician review is required.
P00041,Acid Reflux,priority_review,MediSense-Demo-Classifier-v1,0.89,Synthetic explanation for software testing only; clinician review is required.
P00042,Viral Fever,priority_review,MediSense-Demo-Classifier-v1,0.72,Synthetic explanation for software testing only; clinician review is required.
P00043,Asthma Exacerbation,urgent_review,MediSense-Demo-Classifier-v1,0.94,Synthetic explanation for software testing only; clinician review is required.
P00044,Migraine,priority_review,MediSense-Demo-Classifier-v1,0.63,Synthetic explanation for software testing only; clinician review is required.
P00045,Migraine,routine_review,MediSense-Demo-Classifier-v1,0.68,Synthetic explanation for software testing only; clinician review is required.
P00046,Common Cold,routine_review,MediSense-Demo-Classifier-v1,0.83,Synthetic explanation for software testing only; clinician review is required.
P00047,Viral Fever,routine_review,MediSense-Demo-Classifier-v1,0.89,Synthetic explanation for software testing only; clinician review is required.
P00048,Common Cold,priority_review,MediSense-Demo-Classifier-v1,0.92,Synthetic explanation for software testing only; clinician review is required.
P00049,Common Cold,routine_review,MediSense-Demo-Classifier-v1,0.72,Synthetic explanation for software testing only; clinician review is required.
P00050,Viral Fever,routine_review,MediSense-Demo-Classifier-v1,0.75,Synthetic explanation for software testing only; clinician review is required.
P00051,Acid Reflux,routine_review,MediSense-Demo-Classifier-v1,0.77,Synthetic explanation for software testing only; clinician review is required.
P00052,Viral Fever,routine_review,MediSense-Demo-Classifier-v1,0.63,Synthetic explanation for software testing only; clinician review is required.
P00053,Urinary Tract Infection,routine_review,MediSense-Demo-Classifier-v1,0.91,Synthetic explanation for software testing only; clinician review is required.
P00054,Urinary Tract Infection,routine_review,MediSense-Demo-Classifier-v1,0.73,Synthetic explanation for software testing only; clinician review is required.
P00055,Gastroenteritis,routine_review,MediSense-Demo-Classifier-v1,0.69,Synthetic explanation for software testing only; clinician review is required.
P00056,Migraine,routine_review,MediSense-Demo-Classifier-v1,0.76,Synthetic explanation for software testing only; clinician review is required.
P00057,Urinary Tract Infection,priority_review,MediSense-Demo-Classifier-v1,0.86,Synthetic explanation for software testing only; clinician review is required.
P00058,Gastroenteritis,priority_review,MediSense-Demo-Classifier-v1,0.92,Synthetic explanation for software testing only; clinician review is required.
P00059,Asthma Exacerbation,urgent_review,MediSense-Demo-Classifier-v1,0.69,Synthetic explanation for software testing only; clinician review is required.
P00060,Type 2 Diabetes,priority_review,MediSense-Demo-Classifier-v1,0.68,Synthetic explanation for software testing only; clinician review is required.
P00061,Acid Reflux,priority_review,MediSense-Demo-Classifier-v1,0.94,Synthetic explanation for software testing only; clinician review is required.
P00062,Common Cold,routine_review,MediSense-Demo-Classifier-v1,0.81,Synthetic explanation for software testing only; clinician review is required.
P00063,Gastroenteritis,routine_review,MediSense-Demo-Classifier-v1,0.74,Synthetic explanation for software testing only; clinician review is required.
P00064,Seasonal Allergy,priority_review,MediSense-Demo-Classifier-v1,0.69,Synthetic explanation for software testing only; clinician review is required.
P00065,Migraine,routine_review,MediSense-Demo-Classifier-v1,0.96,Synthetic explanation for software testing only; clinician review is required.
P00066,Migraine,priority_review,MediSense-Demo-Classifier-v1,0.86,Synthetic explanation for software testing only; clinician review is required.
P00067,Seasonal Allergy,routine_review,MediSense-Demo-Classifier-v1,0.69,Synthetic explanation for software testing only; clinician review is required.
P00068,Hypertension,routine_review,MediSense-Demo-Classifier-v1,0.65,Synthetic explanation for software testing only; clinician review is required.
P00069,Urinary Tract Infection,routine_review,MediSense-Demo-Classifier-v1,0.69,Synthetic explanation for software testing only; clinician review is required.
P00070,Type 2 Diabetes,routine_review,MediSense-Demo-Classifier-v1,0.7,Synthetic explanation for software testing only; clinician review is required.
P00071,Common Cold,routine_review,MediSense-Demo-Classifier-v1,0.66,Synthetic explanation for software testing only; clinician review is required.
P00072,Common Cold,priority_review,MediSense-Demo-Classifier-v1,0.7,Synthetic explanation for software testing only; clinician review is required.
P00073,Gastroenteritis,routine_review,MediSense-Demo-Classifier-v1,0.66,Synthetic explanation for software testing only; clinician review is required.
P00074,Common Cold,priority_review,MediSense-Demo-Classifier-v1,0.75,Synthetic explanation for software testing only; clinician review is required.
P00075,Seasonal Allergy,routine_review,MediSense-Demo-Classifier-v1,0.79,Synthetic explanation for software testing only; clinician review is required.
P00076,Acid Reflux,routine_review,MediSense-Demo-Classifier-v1,0.77,Synthetic explanation for software testing only; clinician review is required.
P00077,Seasonal Allergy,priority_review,MediSense-Demo-Classifier-v1,0.9,Synthetic explanation for software testing only; clinician review is required.
P00078,Seasonal Allergy,routine_review,MediSense-Demo-Classifier-v1,0.71,Synthetic explanation for software testing only; clinician review is required.
P00079,Asthma Exacerbation,urgent_review,MediSense-Demo-Classifier-v1,0.92,Synthetic explanation for software testing only; clinician review is required.
P00080,Urinary Tract Infection,routine_review,MediSense-Demo-Classifier-v1,0.93,Synthetic explanation for software testing only; clinician review is required.
P00081,Asthma Exacerbation,urgent_review,MediSense-Demo-Classifier-v1,0.95,Synthetic explanation for software testing only; clinician review is required.
P00082,Gastroenteritis,routine_review,MediSense-Demo-Classifier-v1,0.68,Synthetic explanation for software testing only; clinician review is required.
P00083,Hypertension,routine_review,MediSense-Demo-Classifier-v1,0.7,Synthetic explanation for software testing only; clinician review is required.
P00084,Common Cold,routine_review,MediSense-Demo-Classifier-v1,0.83,Synthetic explanation for software testing only; clinician review is required.
P00085,Gastroenteritis,routine_review,MediSense-Demo-Classifier-v1,0.67,Synthetic explanation for software testing only; clinician review is required.
P00086,Viral Fever,routine_review,MediSense-Demo-Classifier-v1,0.65,Synthetic explanation for software testing only; clinician review is required.
P00087,Type 2 Diabetes,priority_review,MediSense-Demo-Classifier-v1,0.65,Synthetic explanation for software testing only; clinician review is required.
P00088,Migraine,routine_review,MediSense-Demo-Classifier-v1,0.83,Synthetic explanation for software testing only; clinician review is required.
P00089,Asthma Exacerbation,urgent_review,MediSense-Demo-Classifier-v1,0.89,Synthetic explanation for software testing only; clinician review is required.
P00090,Common Cold,routine_review,MediSense-Demo-Classifier-v1,0.71,Synthetic explanation for software testing only; clinician review is required.
P00091,Seasonal Allergy,routine_review,MediSense-Demo-Classifier-v1,0.94,Synthetic explanation for software testing only; clinician review is required.
P00092,Common Cold,routine_review,MediSense-Demo-Classifier-v1,0.89,Synthetic explanation for software testing only; clinician review is required.
P00093,Viral Fever,routine_review,MediSense-Demo-Classifier-v1,0.65,Synthetic explanation for software testing only; clinician review is required.
P00094,Migraine,urgent_review,MediSense-Demo-Classifier-v1,0.76,Synthetic explanation for software testing only; clinician review is required.
P00095,Viral Fever,routine_review,MediSense-Demo-Classifier-v1,0.64,Synthetic explanation for software testing only; clinician review is required.
P00096,Common Cold,routine_review,MediSense-Demo-Classifier-v1,0.93,Synthetic explanation for software testing only; clinician review is required.
P00097,Type 2 Diabetes,routine_review,MediSense-Demo-Classifier-v1,0.87,Synthetic explanation for software testing only; clinician review is required.
P00098,Hypertension,routine_review,MediSense-Demo-Classifier-v1,0.85,Synthetic explanation for software testing only; clinician review is required.
P00099,Common Cold,routine_review,MediSense-Demo-Classifier-v1,0.85,Synthetic explanation for software testing only; clinician review is required.
P00100,Common Cold,routine_review,MediSense-Demo-Classifier-v1,0.72,Synthetic explanation for software testing only; clinician review is required.
P00101,Common Cold,routine_review,MediSense-Demo-Classifier-v1,0.94,Synthetic explanation for software testing only; clinician review is required.
P00102,Type 2 Diabetes,routine_review,MediSense-Demo-Classifier-v1,0.93,Synthetic explanation for software testing only; clinician review is required.
P00103,Seasonal Allergy,routine_review,MediSense-Demo-Classifier-v1,0.87,Synthetic explanation for software testing only; clinician review is required.
P00104,Urinary Tract Infection,routine_review,MediSense-Demo-Classifier-v1,0.78,Synthetic explanation for software testing only; clinician review is required.
P00105,Gastroenteritis,routine_review,MediSense-Demo-Classifier-v1,0.64,Synthetic explanation for software testing only; clinician review is required.
P00106,Hypertension,routine_review,MediSense-Demo-Classifier-v1,0.63,Synthetic explanation for software testing only; clinician review is required.
P00107,Urinary Tract Infection,routine_review,MediSense-Demo-Classifier-v1,0.67,Synthetic explanation for software testing only; clinician review is required.
P00108,Urinary Tract Infection,routine_review,MediSense-Demo-Classifier-v1,0.82,Synthetic explanation for software testing only; clinician review is required.
P00109,Acid Reflux,urgent_review,MediSense-Demo-Classifier-v1,0.89,Synthetic explanation for software testing only; clinician review is required.
P00110,Common Cold,routine_review,MediSense-Demo-Classifier-v1,0.94,Synthetic explanation for software testing only; clinician review is required.
P00111,Hypertension,routine_review,MediSense-Demo-Classifier-v1,0.68,Synthetic explanation for software testing only; clinician review is required.
P00112,Common Cold,routine_review,MediSense-Demo-Classifier-v1,0.71,Synthetic explanation for software testing only; clinician review is required.
P00113,Urinary Tract Infection,routine_review,MediSense-Demo-Classifier-v1,0.64,Synthetic explanation for software testing only; clinician review is required.
P00114,Type 2 Diabetes,routine_review,MediSense-Demo-Classifier-v1,0.96,Synthetic explanation for software testing only; clinician review is required.
P00115,Viral Fever,routine_review,MediSense-Demo-Classifier-v1,0.89,Synthetic explanation for software testing only; clinician review is required.
P00116,Viral Fever,routine_review,MediSense-Demo-Classifier-v1,0.78,Synthetic explanation for software testing only; clinician review is required.
P00117,Seasonal Allergy,routine_review,MediSense-Demo-Classifier-v1,0.82,Synthetic explanation for software testing only; clinician review is required.
P00118,Gastroenteritis,priority_review,MediSense-Demo-Classifier-v1,0.81,Synthetic explanation for software testing only; clinician review is required.
P00119,Migraine,routine_review,MediSense-Demo-Classifier-v1,0.71,Synthetic explanation for software testing only; clinician review is required.
P00120,Urinary Tract Infection,routine_review,MediSense-Demo-Classifier-v1,0.68,Synthetic explanation for software testing only; clinician review is required.
P00121,Gastroenteritis,priority_review,MediSense-Demo-Classifier-v1,0.72,Synthetic explanation for software testing only; clinician review is required.
P00122,Migraine,routine_review,MediSense-Demo-Classifier-v1,0.7,Synthetic explanation for software testing only; clinician review is required.
P00123,Migraine,priority_review,MediSense-Demo-Classifier-v1,0.81,Synthetic explanation for software testing only; clinician review is required.
P00124,Seasonal Allergy,routine_review,MediSense-Demo-Classifier-v1,0.72,Synthetic explanation for software testing only; clinician review is required.
P00125,Migraine,priority_review,MediSense-Demo-Classifier-v1,0.87,Synthetic explanation for software testing only; clinician review is required.
P00126,Common Cold,routine_review,MediSense-Demo-Classifier-v1,0.81,Synthetic explanation for software testing only; clinician review is required.
P00127,Type 2 Diabetes,routine_review,MediSense-Demo-Classifier-v1,0.8,Synthetic explanation for software testing only; clinician review is required.
P00128,Asthma Exacerbation,urgent_review,MediSense-Demo-Classifier-v1,0.94,Synthetic explanation for software testing only; clinician review is required.
P00129,Common Cold,routine_review,MediSense-Demo-Classifier-v1,0.73,Synthetic explanation for software testing only; clinician review is required.
P00130,Viral Fever,routine_review,MediSense-Demo-Classifier-v1,0.84,Synthetic explanation for software testing only; clinician review is required.
P00131,Hypertension,routine_review,MediSense-Demo-Classifier-v1,0.62,Synthetic explanation for software testing only; clinician review is required.
P00132,Seasonal Allergy,routine_review,MediSense-Demo-Classifier-v1,0.87,Synthetic explanation for software testing only; clinician review is required.
P00133,Common Cold,urgent_review,MediSense-Demo-Classifier-v1,0.79,Synthetic explanation for software testing only; clinician review is required.
P00134,Common Cold,routine_review,MediSense-Demo-Classifier-v1,0.69,Synthetic explanation for software testing only; clinician review is required.
P00135,Common Cold,routine_review,MediSense-Demo-Classifier-v1,0.62,Synthetic explanation for software testing only; clinician review is required.
P00136,Hypertension,routine_review,MediSense-Demo-Classifier-v1,0.86,Synthetic explanation for software testing only; clinician review is required.
P00137,Acid Reflux,routine_review,MediSense-Demo-Classifier-v1,0.85,Synthetic explanation for software testing only; clinician review is required.
P00138,Common Cold,routine_review,MediSense-Demo-Classifier-v1,0.85,Synthetic explanation for software testing only; clinician review is required.
P00139,Viral Fever,priority_review,MediSense-Demo-Classifier-v1,0.77,Synthetic explanation for software testing only; clinician review is required.
P00140,Common Cold,priority_review,MediSense-Demo-Classifier-v1,0.84,Synthetic explanation for software testing only; clinician review is required.
P00141,Asthma Exacerbation,urgent_review,MediSense-Demo-Classifier-v1,0.81,Synthetic explanation for software testing only; clinician review is required.
P00142,Viral Fever,routine_review,MediSense-Demo-Classifier-v1,0.7,Synthetic explanation for software testing only; clinician review is required.
P00143,Migraine,routine_review,MediSense-Demo-Classifier-v1,0.8,Synthetic explanation for software testing only; clinician review is required.
P00144,Common Cold,routine_review,MediSense-Demo-Classifier-v1,0.79,Synthetic explanation for software testing only; clinician review is required.
P00145,Asthma Exacerbation,urgent_review,MediSense-Demo-Classifier-v1,0.9,Synthetic explanation for software testing only; clinician review is required.
P00146,Acid Reflux,urgent_review,MediSense-Demo-Classifier-v1,0.77,Synthetic explanation for software testing only; clinician review is required.
P00147,Seasonal Allergy,routine_review,MediSense-Demo-Classifier-v1,0.77,Synthetic explanation for software testing only; clinician review is required.
P00148,Seasonal Allergy,routine_review,MediSense-Demo-Classifier-v1,0.95,Synthetic explanation for software testing only; clinician review is required.
P00149,Common Cold,routine_review,MediSense-Demo-Classifier-v1,0.92,Synthetic explanation for software testing only; clinician review is required.
P00150,Asthma Exacerbation,urgent_review,MediSense-Demo-Classifier-v1,0.7,Synthetic explanation for software testing only; clinician review is required.
P00151,Asthma Exacerbation,urgent_review,MediSense-Demo-Classifier-v1,0.93,Synthetic explanation for software testing only; clinician review is required.
P00152,Hypertension,routine_review,MediSense-Demo-Classifier-v1,0.67,Synthetic explanation for software testing only; clinician review is required.
P00153,Viral Fever,routine_review,MediSense-Demo-Classifier-v1,0.91,Synthetic explanation for software testing only; clinician review is required.
P00154,Type 2 Diabetes,routine_review,MediSense-Demo-Classifier-v1,0.68,Synthetic explanation for software testing only; clinician review is required.
P00155,Hypertension,routine_review,MediSense-Demo-Classifier-v1,0.76,Synthetic explanation for software testing only; clinician review is required.
P00156,Seasonal Allergy,routine_review,MediSense-Demo-Classifier-v1,0.95,Synthetic explanation for software testing only; clinician review is required.
P00157,Asthma Exacerbation,urgent_review,MediSense-Demo-Classifier-v1,0.65,Synthetic explanation for software testing only; clinician review is required.
P00158,Migraine,priority_review,MediSense-Demo-Classifier-v1,0.91,Synthetic explanation for software testing only; clinician review is required.
P00159,Migraine,routine_review,MediSense-Demo-Classifier-v1,0.79,Synthetic explanation for software testing only; clinician review is required.
P00160,Acid Reflux,priority_review,MediSense-Demo-Classifier-v1,0.66,Synthetic explanation for software testing only; clinician review is required.
P00161,Viral Fever,routine_review,MediSense-Demo-Classifier-v1,0.94,Synthetic explanation for software testing only; clinician review is required.
P00162,Acid Reflux,routine_review,MediSense-Demo-Classifier-v1,0.81,Synthetic explanation for software testing only; clinician review is required.
P00163,Gastroenteritis,routine_review,MediSense-Demo-Classifier-v1,0.92,Synthetic explanation for software testing only; clinician review is required.
P00164,Urinary Tract Infection,routine_review,MediSense-Demo-Classifier-v1,0.92,Synthetic explanation for software testing only; clinician review is required.
P00165,Urinary Tract Infection,routine_review,MediSense-Demo-Classifier-v1,0.62,Synthetic explanation for software testing only; clinician review is required.
P00166,Common Cold,routine_review,MediSense-Demo-Classifier-v1,0.71,Synthetic explanation for software testing only; clinician review is required.
P00167,Seasonal Allergy,routine_review,MediSense-Demo-Classifier-v1,0.73,Synthetic explanation for software testing only; clinician review is required.
P00168,Urinary Tract Infection,routine_review,MediSense-Demo-Classifier-v1,0.8,Synthetic explanation for software testing only; clinician review is required.
P00169,Common Cold,routine_review,MediSense-Demo-Classifier-v1,0.64,Synthetic explanation for software testing only; clinician review is required.
P00170,Acid Reflux,routine_review,MediSense-Demo-Classifier-v1,0.75,Synthetic explanation for software testing only; clinician review is required.
P00171,Common Cold,routine_review,MediSense-Demo-Classifier-v1,0.9,Synthetic explanation for software testing only; clinician review is required.
P00172,Seasonal Allergy,routine_review,MediSense-Demo-Classifier-v1,0.68,Synthetic explanation for software testing only; clinician review is required.
P00173,Hypertension,routine_review,MediSense-Demo-Classifier-v1,0.86,Synthetic explanation for software testing only; clinician review is required.
P00174,Common Cold,routine_review,MediSense-Demo-Classifier-v1,0.78,Synthetic explanation for software testing only; clinician review is required.
P00175,Type 2 Diabetes,priority_review,MediSense-Demo-Classifier-v1,0.64,Synthetic explanation for software testing only; clinician review is required.
P00176,Viral Fever,routine_review,MediSense-Demo-Classifier-v1,0.68,Synthetic explanation for software testing only; clinician review is required.
P00177,Common Cold,routine_review,MediSense-Demo-Classifier-v1,0.67,Synthetic explanation for software testing only; clinician review is required.
P00178,Viral Fever,routine_review,MediSense-Demo-Classifier-v1,0.83,Synthetic explanation for software testing only; clinician review is required.
P00179,Viral Fever,routine_review,MediSense-Demo-Classifier-v1,0.65,Synthetic explanation for software testing only; clinician review is required.
P00180,Viral Fever,routine_review,MediSense-Demo-Classifier-v1,0.9,Synthetic explanation for software testing only; clinician review is required.
P00181,Hypertension,routine_review,MediSense-Demo-Classifier-v1,0.89,Synthetic explanation for software testing only; clinician review is required.
P00182,Viral Fever,routine_review,MediSense-Demo-Classifier-v1,0.65,Synthetic explanation for software testing only; clinician review is required.
P00183,Asthma Exacerbation,urgent_review,MediSense-Demo-Classifier-v1,0.92,Synthetic explanation for software testing only; clinician review is required.
P00184,Migraine,urgent_review,MediSense-Demo-Classifier-v1,0.95,Synthetic explanation for software testing only; clinician review is required.
P00185,Viral Fever,routine_review,MediSense-Demo-Classifier-v1,0.63,Synthetic explanation for software testing only; clinician review is required.
P00186,Acid Reflux,priority_review,MediSense-Demo-Classifier-v1,0.94,Synthetic explanation for software testing only; clinician review is required.
P00187,Asthma Exacerbation,urgent_review,MediSense-Demo-Classifier-v1,0.72,Synthetic explanation for software testing only; clinician review is required.
P00188,Viral Fever,priority_review,MediSense-Demo-Classifier-v1,0.85,Synthetic explanation for software testing only; clinician review is required.
P00189,Gastroenteritis,routine_review,MediSense-Demo-Classifier-v1,0.68,Synthetic explanation for software testing only; clinician review is required.
P00190,Viral Fever,priority_review,MediSense-Demo-Classifier-v1,0.9,Synthetic explanation for software testing only; clinician review is required.
P00191,Acid Reflux,priority_review,MediSense-Demo-Classifier-v1,0.91,Synthetic explanation for software testing only; clinician review is required.
P00192,Common Cold,routine_review,MediSense-Demo-Classifier-v1,0.95,Synthetic explanation for software testing only; clinician review is required.
P00193,Seasonal Allergy,routine_review,MediSense-Demo-Classifier-v1,0.96,Synthetic explanation for software testing only; clinician review is required.
P00194,Urinary Tract Infection,routine_review,MediSense-Demo-Classifier-v1,0.65,Synthetic explanation for software testing only; clinician review is required.
P00195,Urinary Tract Infection,priority_review,MediSense-Demo-Classifier-v1,0.84,Synthetic explanation for software testing only; clinician review is required.
P00196,Asthma Exacerbation,urgent_review,MediSense-Demo-Classifier-v1,0.71,Synthetic explanation for software testing only; clinician review is required.
P00197,Common Cold,routine_review,MediSense-Demo-Classifier-v1,0.66,Synthetic explanation for software testing only; clinician review is required.
P00198,Gastroenteritis,routine_review,MediSense-Demo-Classifier-v1,0.67,Synthetic explanation for software testing only; clinician review is required.
P00199,Asthma Exacerbation,urgent_review,MediSense-Demo-Classifier-v1,0.94,Synthetic explanation for software testing only; clinician review is required.
P00200,Asthma Exacerbation,urgent_review,MediSense-Demo-Classifier-v1,0.85,Synthetic explanation for software testing only; clinician review is required.
P00201,Viral Fever,routine_review,MediSense-Demo-Classifier-v1,0.64,Synthetic explanation for software testing only; clinician review is required.
P00202,Viral Fever,routine_review,MediSense-Demo-Classifier-v1,0.95,Synthetic explanation for software testing only; clinician review is required.
P00203,Viral Fever,routine_review,MediSense-Demo-Classifier-v1,0.89,Synthetic explanation for software testing only; clinician review is required.
P00204,Hypertension,routine_review,MediSense-Demo-Classifier-v1,0.73,Synthetic explanation for software testing only; clinician review is required.
P00205,Viral Fever,priority_review,MediSense-Demo-Classifier-v1,0.78,Synthetic explanation for software testing only; clinician review is required.
P00206,Urinary Tract Infection,routine_review,MediSense-Demo-Classifier-v1,0.87,Synthetic explanation for software testing only; clinician review is required.
P00207,Asthma Exacerbation,urgent_review,MediSense-Demo-Classifier-v1,0.85,Synthetic explanation for software testing only; clinician review is required.
P00208,Common Cold,routine_review,MediSense-Demo-Classifier-v1,0.78,Synthetic explanation for software testing only; clinician review is required.
P00209,Migraine,routine_review,MediSense-Demo-Classifier-v1,0.79,Synthetic explanation for software testing only; clinician review is required.
P00210,Urinary Tract Infection,routine_review,MediSense-Demo-Classifier-v1,0.63,Synthetic explanation for software testing only; clinician review is required.
P00211,Type 2 Diabetes,routine_review,MediSense-Demo-Classifier-v1,0.79,Synthetic explanation for software testing only; clinician review is required.
P00212,Viral Fever,routine_review,MediSense-Demo-Classifier-v1,0.74,Synthetic explanation for software testing only; clinician review is required.
P00213,Common Cold,routine_review,MediSense-Demo-Classifier-v1,0.72,Synthetic explanation for software testing only; clinician review is required.
P00214,Asthma Exacerbation,urgent_review,MediSense-Demo-Classifier-v1,0.71,Synthetic explanation for software testing only; clinician review is required.
P00215,Seasonal Allergy,routine_review,MediSense-Demo-Classifier-v1,0.84,Synthetic explanation for software testing only; clinician review is required.
P00216,Viral Fever,routine_review,MediSense-Demo-Classifier-v1,0.77,Synthetic explanation for software testing only; clinician review is required.
P00217,Hypertension,routine_review,MediSense-Demo-Classifier-v1,0.76,Synthetic explanation for software testing only; clinician review is required.
P00218,Asthma Exacerbation,urgent_review,MediSense-Demo-Classifier-v1,0.67,Synthetic explanation for software testing only; clinician review is required.
P00219,Asthma Exacerbation,urgent_review,MediSense-Demo-Classifier-v1,0.95,Synthetic explanation for software testing only; clinician review is required.
P00220,Migraine,routine_review,MediSense-Demo-Classifier-v1,0.7,Synthetic explanation for software testing only; clinician review is required.
P00221,Gastroenteritis,routine_review,MediSense-Demo-Classifier-v1,0.76,Synthetic explanation for software testing only; clinician review is required.
P00222,Type 2 Diabetes,routine_review,MediSense-Demo-Classifier-v1,0.68,Synthetic explanation for software testing only; clinician review is required.
P00223,Viral Fever,priority_review,MediSense-Demo-Classifier-v1,0.86,Synthetic explanation for software testing only; clinician review is required.
P00224,Urinary Tract Infection,routine_review,MediSense-Demo-Classifier-v1,0.77,Synthetic explanation for software testing only; clinician review is required.
P00225,Migraine,priority_review,MediSense-Demo-Classifier-v1,0.76,Synthetic explanation for software testing only; clinician review is required.
P00226,Common Cold,priority_review,MediSense-Demo-Classifier-v1,0.92,Synthetic explanation for software testing only; clinician review is required.
P00227,Common Cold,routine_review,MediSense-Demo-Classifier-v1,0.88,Synthetic explanation for software testing only; clinician review is required.
P00228,Seasonal Allergy,routine_review,MediSense-Demo-Classifier-v1,0.8,Synthetic explanation for software testing only; clinician review is required.
P00229,Gastroenteritis,routine_review,MediSense-Demo-Classifier-v1,0.78,Synthetic explanation for software testing only; clinician review is required.
P00230,Acid Reflux,priority_review,MediSense-Demo-Classifier-v1,0.95,Synthetic explanation for software testing only; clinician review is required.
P00231,Urinary Tract Infection,routine_review,MediSense-Demo-Classifier-v1,0.95,Synthetic explanation for software testing only; clinician review is required.
P00232,Seasonal Allergy,routine_review,MediSense-Demo-Classifier-v1,0.86,Synthetic explanation for software testing only; clinician review is required.
P00233,Common Cold,routine_review,MediSense-Demo-Classifier-v1,0.88,Synthetic explanation for software testing only; clinician review is required.
P00234,Migraine,routine_review,MediSense-Demo-Classifier-v1,0.93,Synthetic explanation for software testing only; clinician review is required.
P00235,Hypertension,routine_review,MediSense-Demo-Classifier-v1,0.95,Synthetic explanation for software testing only; clinician review is required.
P00236,Gastroenteritis,routine_review,MediSense-Demo-Classifier-v1,0.65,Synthetic explanation for software testing only; clinician review is required.
P00237,Hypertension,routine_review,MediSense-Demo-Classifier-v1,0.96,Synthetic explanation for software testing only; clinician review is required.
P00238,Hypertension,routine_review,MediSense-Demo-Classifier-v1,0.86,Synthetic explanation for software testing only; clinician review is required.
P00239,Common Cold,routine_review,MediSense-Demo-Classifier-v1,0.82,Synthetic explanation for software testing only; clinician review is required.
P00240,Asthma Exacerbation,urgent_review,MediSense-Demo-Classifier-v1,0.76,Synthetic explanation for software testing only; clinician review is required.
P00241,Acid Reflux,urgent_review,MediSense-Demo-Classifier-v1,0.73,Synthetic explanation for software testing only; clinician review is required.
P00242,Gastroenteritis,routine_review,MediSense-Demo-Classifier-v1,0.89,Synthetic explanation for software testing only; clinician review is required.
P00243,Common Cold,priority_review,MediSense-Demo-Classifier-v1,0.84,Synthetic explanation for software testing only; clinician review is required.
P00244,Type 2 Diabetes,routine_review,MediSense-Demo-Classifier-v1,0.69,Synthetic explanation for software testing only; clinician review is required.
P00245,Type 2 Diabetes,routine_review,MediSense-Demo-Classifier-v1,0.83,Synthetic explanation for software testing only; clinician review is required.
P00246,Urinary Tract Infection,routine_review,MediSense-Demo-Classifier-v1,0.67,Synthetic explanation for software testing only; clinician review is required.
P00247,Asthma Exacerbation,urgent_review,MediSense-Demo-Classifier-v1,0.79,Synthetic explanation for software testing only; clinician review is required.
P00248,Seasonal Allergy,routine_review,MediSense-Demo-Classifier-v1,0.82,Synthetic explanation for software testing only; clinician review is required.
P00249,Hypertension,routine_review,MediSense-Demo-Classifier-v1,0.84,Synthetic explanation for software testing only; clinician review is required.
P00250,Urinary Tract Infection,priority_review,MediSense-Demo-Classifier-v1,0.67,Synthetic explanation for software testing only; clinician review is required.
P00251,Common Cold,routine_review,MediSense-Demo-Classifier-v1,0.65,Synthetic explanation for software testing only; clinician review is required.
P00252,Viral Fever,routine_review,MediSense-Demo-Classifier-v1,0.71,Synthetic explanation for software testing only; clinician review is required.
P00253,Acid Reflux,routine_review,MediSense-Demo-Classifier-v1,0.83,Synthetic explanation for software testing only; clinician review is required.
P00254,Hypertension,routine_review,MediSense-Demo-Classifier-v1,0.94,Synthetic explanation for software testing only; clinician review is required.
P00255,Migraine,routine_review,MediSense-Demo-Classifier-v1,0.88,Synthetic explanation for software testing only; clinician review is required.
P00256,Common Cold,priority_review,MediSense-Demo-Classifier-v1,0.87,Synthetic explanation for software testing only; clinician review is required.
P00257,Acid Reflux,routine_review,MediSense-Demo-Classifier-v1,0.73,Synthetic explanation for software testing only; clinician review is required.
P00258,Acid Reflux,routine_review,MediSense-Demo-Classifier-v1,0.66,Synthetic explanation for software testing only; clinician review is required.
P00259,Urinary Tract Infection,priority_review,MediSense-Demo-Classifier-v1,0.92,Synthetic explanation for software testing only; clinician review is required.
P00260,Viral Fever,routine_review,MediSense-Demo-Classifier-v1,0.79,Synthetic explanation for software testing only; clinician review is required.
P00261,Gastroenteritis,routine_review,MediSense-Demo-Classifier-v1,0.65,Synthetic explanation for software testing only; clinician review is required.
P00262,Gastroenteritis,routine_review,MediSense-Demo-Classifier-v1,0.8,Synthetic explanation for software testing only; clinician review is required.
P00263,Common Cold,routine_review,MediSense-Demo-Classifier-v1,0.85,Synthetic explanation for software testing only; clinician review is required.
P00264,Common Cold,priority_review,MediSense-Demo-Classifier-v1,0.73,Synthetic explanation for software testing only; clinician review is required.
P00265,Seasonal Allergy,routine_review,MediSense-Demo-Classifier-v1,0.62,Synthetic explanation for software testing only; clinician review is required.
P00266,Hypertension,routine_review,MediSense-Demo-Classifier-v1,0.83,Synthetic explanation for software testing only; clinician review is required.
P00267,Common Cold,priority_review,MediSense-Demo-Classifier-v1,0.63,Synthetic explanation for software testing only; clinician review is required.
P00268,Seasonal Allergy,routine_review,MediSense-Demo-Classifier-v1,0.77,Synthetic explanation for software testing only; clinician review is required.
P00269,Urinary Tract Infection,routine_review,MediSense-Demo-Classifier-v1,0.9,Synthetic explanation for software testing only; clinician review is required.
P00270,Seasonal Allergy,priority_review,MediSense-Demo-Classifier-v1,0.96,Synthetic explanation for software testing only; clinician review is required.
P00271,Common Cold,routine_review,MediSense-Demo-Classifier-v1,0.75,Synthetic explanation for software testing only; clinician review is required.
P00272,Asthma Exacerbation,urgent_review,MediSense-Demo-Classifier-v1,0.63,Synthetic explanation for software testing only; clinician review is required.
P00273,Migraine,routine_review,MediSense-Demo-Classifier-v1,0.79,Synthetic explanation for software testing only; clinician review is required.
P00274,Viral Fever,priority_review,MediSense-Demo-Classifier-v1,0.71,Synthetic explanation for software testing only; clinician review is required.
P00275,Type 2 Diabetes,routine_review,MediSense-Demo-Classifier-v1,0.92,Synthetic explanation for software testing only; clinician review is required.
P00276,Common Cold,priority_review,MediSense-Demo-Classifier-v1,0.86,Synthetic explanation for software testing only; clinician review is required.
P00277,Type 2 Diabetes,priority_review,MediSense-Demo-Classifier-v1,0.76,Synthetic explanation for software testing only; clinician review is required.
P00278,Type 2 Diabetes,priority_review,MediSense-Demo-Classifier-v1,0.88,Synthetic explanation for software testing only; clinician review is required.
P00279,Hypertension,routine_review,MediSense-Demo-Classifier-v1,0.74,Synthetic explanation for software testing only; clinician review is required.
P00280,Viral Fever,routine_review,MediSense-Demo-Classifier-v1,0.8,Synthetic explanation for software testing only; clinician review is required.
P00281,Viral Fever,routine_review,MediSense-Demo-Classifier-v1,0.93,Synthetic explanation for software testing only; clinician review is required.
P00282,Viral Fever,routine_review,MediSense-Demo-Classifier-v1,0.69,Synthetic explanation for software testing only; clinician review is required.
P00283,Viral Fever,priority_review,MediSense-Demo-Classifier-v1,0.73,Synthetic explanation for software testing only; clinician review is required.
P00284,Common Cold,routine_review,MediSense-Demo-Classifier-v1,0.92,Synthetic explanation for software testing only; clinician review is required.
P00285,Acid Reflux,routine_review,MediSense-Demo-Classifier-v1,0.78,Synthetic explanation for software testing only; clinician review is required.
P00286,Asthma Exacerbation,urgent_review,MediSense-Demo-Classifier-v1,0.73,Synthetic explanation for software testing only; clinician review is required.
P00287,Hypertension,routine_review,MediSense-Demo-Classifier-v1,0.63,Synthetic explanation for software testing only; clinician review is required.
P00288,Gastroenteritis,routine_review,MediSense-Demo-Classifier-v1,0.76,Synthetic explanation for software testing only; clinician review is required.
P00289,Common Cold,priority_review,MediSense-Demo-Classifier-v1,0.79,Synthetic explanation for software testing only; clinician review is required.
P00290,Urinary Tract Infection,priority_review,MediSense-Demo-Classifier-v1,0.76,Synthetic explanation for software testing only; clinician review is required.
P00291,Urinary Tract Infection,priority_review,MediSense-Demo-Classifier-v1,0.71,Synthetic explanation for software testing only; clinician review is required.
P00292,Gastroenteritis,priority_review,MediSense-Demo-Classifier-v1,0.75,Synthetic explanation for software testing only; clinician review is required.
P00293,Migraine,routine_review,MediSense-Demo-Classifier-v1,0.84,Synthetic explanation for software testing only; clinician review is required.
P00294,Seasonal Allergy,routine_review,MediSense-Demo-Classifier-v1,0.92,Synthetic explanation for software testing only; clinician review is required.
P00295,Urinary Tract Infection,routine_review,MediSense-Demo-Classifier-v1,0.84,Synthetic explanation for software testing only; clinician review is required.
P00296,Gastroenteritis,routine_review,MediSense-Demo-Classifier-v1,0.84,Synthetic explanation for software testing only; clinician review is required.
P00297,Acid Reflux,priority_review,MediSense-Demo-Classifier-v1,0.9,Synthetic explanation for software testing only; clinician review is required.
P00298,Seasonal Allergy,routine_review,MediSense-Demo-Classifier-v1,0.68,Synthetic explanation for software testing only; clinician review is required.
P00299,Migraine,routine_review,MediSense-Demo-Classifier-v1,0.72,Synthetic explanation for software testing only; clinician review is required.
P00300,Migraine,routine_review,MediSense-Demo-Classifier-v1,0.64,Synthetic explanation for software testing only; clinician review is required.
P00301,Urinary Tract Infection,routine_review,MediSense-Demo-Classifier-v1,0.74,Synthetic explanation for software testing only; clinician review is required.
P00302,Urinary Tract Infection,routine_review,MediSense-Demo-Classifier-v1,0.96,Synthetic explanation for software testing only; clinician review is required.
P00303,Viral Fever,routine_review,MediSense-Demo-Classifier-v1,0.73,Synthetic explanation for software testing only; clinician review is required.
P00304,Acid Reflux,urgent_review,MediSense-Demo-Classifier-v1,0.91,Synthetic explanation for software testing only; clinician review is required.
P00305,Migraine,routine_review,MediSense-Demo-Classifier-v1,0.65,Synthetic explanation for software testing only; clinician review is required.
P00306,Viral Fever,routine_review,MediSense-Demo-Classifier-v1,0.78,Synthetic explanation for software testing only; clinician review is required.
P00307,Common Cold,routine_review,MediSense-Demo-Classifier-v1,0.74,Synthetic explanation for software testing only; clinician review is required.
P00308,Seasonal Allergy,routine_review,MediSense-Demo-Classifier-v1,0.69,Synthetic explanation for software testing only; clinician review is required.
P00309,Gastroenteritis,routine_review,MediSense-Demo-Classifier-v1,0.75,Synthetic explanation for software testing only; clinician review is required.
P00310,Common Cold,routine_review,MediSense-Demo-Classifier-v1,0.84,Synthetic explanation for software testing only; clinician review is required.
P00311,Asthma Exacerbation,urgent_review,MediSense-Demo-Classifier-v1,0.79,Synthetic explanation for software testing only; clinician review is required.
P00312,Viral Fever,routine_review,MediSense-Demo-Classifier-v1,0.91,Synthetic explanation for software testing only; clinician review is required.
P00313,Viral Fever,routine_review,MediSense-Demo-Classifier-v1,0.93,Synthetic explanation for software testing only; clinician review is required.
P00314,Urinary Tract Infection,priority_review,MediSense-Demo-Classifier-v1,0.78,Synthetic explanation for software testing only; clinician review is required.
P00315,Asthma Exacerbation,urgent_review,MediSense-Demo-Classifier-v1,0.95,Synthetic explanation for software testing only; clinician review is required.
P00316,Gastroenteritis,priority_review,MediSense-Demo-Classifier-v1,0.64,Synthetic explanation for software testing only; clinician review is required.
P00317,Common Cold,routine_review,MediSense-Demo-Classifier-v1,0.71,Synthetic explanation for software testing only; clinician review is required.
P00318,Common Cold,routine_review,MediSense-Demo-Classifier-v1,0.76,Synthetic explanation for software testing only; clinician review is required.
P00319,Viral Fever,routine_review,MediSense-Demo-Classifier-v1,0.82,Synthetic explanation for software testing only; clinician review is required.
P00320,Acid Reflux,priority_review,MediSense-Demo-Classifier-v1,0.81,Synthetic explanation for software testing only; clinician review is required.
P00321,Common Cold,routine_review,MediSense-Demo-Classifier-v1,0.81,Synthetic explanation for software testing only; clinician review is required.
P00322,Asthma Exacerbation,urgent_review,MediSense-Demo-Classifier-v1,0.92,Synthetic explanation for software testing only; clinician review is required.
P00323,Viral Fever,routine_review,MediSense-Demo-Classifier-v1,0.71,Synthetic explanation for software testing only; clinician review is required.
P00324,Hypertension,routine_review,MediSense-Demo-Classifier-v1,0.9,Synthetic explanation for software testing only; clinician review is required.
P00325,Urinary Tract Infection,priority_review,MediSense-Demo-Classifier-v1,0.81,Synthetic explanation for software testing only; clinician review is required.
P00326,Asthma Exacerbation,urgent_review,MediSense-Demo-Classifier-v1,0.79,Synthetic explanation for software testing only; clinician review is required.
P00327,Viral Fever,routine_review,MediSense-Demo-Classifier-v1,0.72,Synthetic explanation for software testing only; clinician review is required.
P00328,Type 2 Diabetes,routine_review,MediSense-Demo-Classifier-v1,0.72,Synthetic explanation for software testing only; clinician review is required.
P00329,Common Cold,routine_review,MediSense-Demo-Classifier-v1,0.75,Synthetic explanation for software testing only; clinician review is required.
P00330,Type 2 Diabetes,routine_review,MediSense-Demo-Classifier-v1,0.88,Synthetic explanation for software testing only; clinician review is required.
P00331,Common Cold,routine_review,MediSense-Demo-Classifier-v1,0.78,Synthetic explanation for software testing only; clinician review is required.
P00332,Hypertension,routine_review,MediSense-Demo-Classifier-v1,0.67,Synthetic explanation for software testing only; clinician review is required.
P00333,Common Cold,routine_review,MediSense-Demo-Classifier-v1,0.88,Synthetic explanation for software testing only; clinician review is required.
P00334,Seasonal Allergy,routine_review,MediSense-Demo-Classifier-v1,0.85,Synthetic explanation for software testing only; clinician review is required.
P00335,Common Cold,priority_review,MediSense-Demo-Classifier-v1,0.94,Synthetic explanation for software testing only; clinician review is required.
P00336,Gastroenteritis,routine_review,MediSense-Demo-Classifier-v1,0.8,Synthetic explanation for software testing only; clinician review is required.
P00337,Migraine,routine_review,MediSense-Demo-Classifier-v1,0.84,Synthetic explanation for software testing only; clinician review is required.
P00338,Common Cold,routine_review,MediSense-Demo-Classifier-v1,0.78,Synthetic explanation for software testing only; clinician review is required.
P00339,Gastroenteritis,routine_review,MediSense-Demo-Classifier-v1,0.85,Synthetic explanation for software testing only; clinician review is required.
P00340,Gastroenteritis,routine_review,MediSense-Demo-Classifier-v1,0.77,Synthetic explanation for software testing only; clinician review is required.
P00341,Hypertension,routine_review,MediSense-Demo-Classifier-v1,0.67,Synthetic explanation for software testing only; clinician review is required.
P00342,Type 2 Diabetes,routine_review,MediSense-Demo-Classifier-v1,0.96,Synthetic explanation for software testing only; clinician review is required.
P00343,Viral Fever,priority_review,MediSense-Demo-Classifier-v1,0.86,Synthetic explanation for software testing only; clinician review is required.
P00344,Common Cold,priority_review,MediSense-Demo-Classifier-v1,0.83,Synthetic explanation for software testing only; clinician review is required.
P00345,Migraine,routine_review,MediSense-Demo-Classifier-v1,0.78,Synthetic explanation for software testing only; clinician review is required.
P00346,Type 2 Diabetes,routine_review,MediSense-Demo-Classifier-v1,0.86,Synthetic explanation for software testing only; clinician review is required.
P00347,Common Cold,routine_review,MediSense-Demo-Classifier-v1,0.66,Synthetic explanation for software testing only; clinician review is required.
P00348,Gastroenteritis,priority_review,MediSense-Demo-Classifier-v1,0.73,Synthetic explanation for software testing only; clinician review is required.
P00349,Acid Reflux,routine_review,MediSense-Demo-Classifier-v1,0.66,Synthetic explanation for software testing only; clinician review is required.
P00350,Acid Reflux,routine_review,MediSense-Demo-Classifier-v1,0.66,Synthetic explanation for software testing only; clinician review is required.
P00351,Gastroenteritis,routine_review,MediSense-Demo-Classifier-v1,0.63,Synthetic explanation for software testing only; clinician review is required.
P00352,Viral Fever,routine_review,MediSense-Demo-Classifier-v1,0.88,Synthetic explanation for software testing only; clinician review is required.
P00353,Gastroenteritis,routine_review,MediSense-Demo-Classifier-v1,0.7,Synthetic explanation for software testing only; clinician review is required.
P00354,Viral Fever,routine_review,MediSense-Demo-Classifier-v1,0.9,Synthetic explanation for software testing only; clinician review is required.
P00355,Common Cold,routine_review,MediSense-Demo-Classifier-v1,0.93,Synthetic explanation for software testing only; clinician review is required.
P00356,Common Cold,priority_review,MediSense-Demo-Classifier-v1,0.68,Synthetic explanation for software testing only; clinician review is required.
P00357,Asthma Exacerbation,urgent_review,MediSense-Demo-Classifier-v1,0.86,Synthetic explanation for software testing only; clinician review is required.
P00358,Seasonal Allergy,routine_review,MediSense-Demo-Classifier-v1,0.78,Synthetic explanation for software testing only; clinician review is required.
P00359,Viral Fever,routine_review,MediSense-Demo-Classifier-v1,0.93,Synthetic explanation for software testing only; clinician review is required.
P00360,Migraine,priority_review,MediSense-Demo-Classifier-v1,0.78,Synthetic explanation for software testing only; clinician review is required.
P00361,Type 2 Diabetes,routine_review,MediSense-Demo-Classifier-v1,0.75,Synthetic explanation for software testing only; clinician review is required.
P00362,Hypertension,routine_review,MediSense-Demo-Classifier-v1,0.72,Synthetic explanation for software testing only; clinician review is required.
P00363,Urinary Tract Infection,routine_review,MediSense-Demo-Classifier-v1,0.93,Synthetic explanation for software testing only; clinician review is required.
P00364,Hypertension,routine_review,MediSense-Demo-Classifier-v1,0.7,Synthetic explanation for software testing only; clinician review is required.
P00365,Migraine,routine_review,MediSense-Demo-Classifier-v1,0.9,Synthetic explanation for software testing only; clinician review is required.
P00366,Urinary Tract Infection,routine_review,MediSense-Demo-Classifier-v1,0.69,Synthetic explanation for software testing only; clinician review is required.
P00367,Seasonal Allergy,priority_review,MediSense-Demo-Classifier-v1,0.84,Synthetic explanation for software testing only; clinician review is required.
P00368,Type 2 Diabetes,routine_review,MediSense-Demo-Classifier-v1,0.77,Synthetic explanation for software testing only; clinician review is required.
P00369,Hypertension,routine_review,MediSense-Demo-Classifier-v1,0.66,Synthetic explanation for software testing only; clinician review is required.
P00370,Type 2 Diabetes,routine_review,MediSense-Demo-Classifier-v1,0.66,Synthetic explanation for software testing only; clinician review is required.
P00371,Type 2 Diabetes,routine_review,MediSense-Demo-Classifier-v1,0.72,Synthetic explanation for software testing only; clinician review is required.
P00372,Acid Reflux,routine_review,MediSense-Demo-Classifier-v1,0.88,Synthetic explanation for software testing only; clinician review is required.
P00373,Seasonal Allergy,routine_review,MediSense-Demo-Classifier-v1,0.87,Synthetic explanation for software testing only; clinician review is required.
P00374,Acid Reflux,urgent_review,MediSense-Demo-Classifier-v1,0.69,Synthetic explanation for software testing only; clinician review is required.
P00375,Asthma Exacerbation,urgent_review,MediSense-Demo-Classifier-v1,0.78,Synthetic explanation for software testing only; clinician review is required.
P00376,Gastroenteritis,routine_review,MediSense-Demo-Classifier-v1,0.65,Synthetic explanation for software testing only; clinician review is required.
P00377,Asthma Exacerbation,urgent_review,MediSense-Demo-Classifier-v1,0.86,Synthetic explanation for software testing only; clinician review is required.
P00378,Migraine,routine_review,MediSense-Demo-Classifier-v1,0.89,Synthetic explanation for software testing only; clinician review is required.
P00379,Migraine,routine_review,MediSense-Demo-Classifier-v1,0.92,Synthetic explanation for software testing only; clinician review is required.
P00380,Seasonal Allergy,routine_review,MediSense-Demo-Classifier-v1,0.92,Synthetic explanation for software testing only; clinician review is required.
P00381,Common Cold,routine_review,MediSense-Demo-Classifier-v1,0.73,Synthetic explanation for software testing only; clinician review is required.
P00382,Urinary Tract Infection,routine_review,MediSense-Demo-Classifier-v1,0.71,Synthetic explanation for software testing only; clinician review is required.
P00383,Type 2 Diabetes,priority_review,MediSense-Demo-Classifier-v1,0.92,Synthetic explanation for software testing only; clinician review is required.
P00384,Viral Fever,routine_review,MediSense-Demo-Classifier-v1,0.67,Synthetic explanation for software testing only; clinician review is required.
P00385,Urinary Tract Infection,priority_review,MediSense-Demo-Classifier-v1,0.64,Synthetic explanation for software testing only; clinician review is required.
P00386,Gastroenteritis,routine_review,MediSense-Demo-Classifier-v1,0.73,Synthetic explanation for software testing only; clinician review is required.
P00387,Gastroenteritis,routine_review,MediSense-Demo-Classifier-v1,0.88,Synthetic explanation for software testing only; clinician review is required.
P00388,Seasonal Allergy,routine_review,MediSense-Demo-Classifier-v1,0.86,Synthetic explanation for software testing only; clinician review is required.
P00389,Hypertension,priority_review,MediSense-Demo-Classifier-v1,0.96,Synthetic explanation for software testing only; clinician review is required.
P00390,Seasonal Allergy,routine_review,MediSense-Demo-Classifier-v1,0.74,Synthetic explanation for software testing only; clinician review is required.
P00391,Viral Fever,routine_review,MediSense-Demo-Classifier-v1,0.71,Synthetic explanation for software testing only; clinician review is required.
P00392,Viral Fever,priority_review,MediSense-Demo-Classifier-v1,0.75,Synthetic explanation for software testing only; clinician review is required.
P00393,Asthma Exacerbation,urgent_review,MediSense-Demo-Classifier-v1,0.89,Synthetic explanation for software testing only; clinician review is required.
P00394,Type 2 Diabetes,routine_review,MediSense-Demo-Classifier-v1,0.69,Synthetic explanation for software testing only; clinician review is required.
P00395,Migraine,priority_review,MediSense-Demo-Classifier-v1,0.94,Synthetic explanation for software testing only; clinician review is required.
P00396,Type 2 Diabetes,routine_review,MediSense-Demo-Classifier-v1,0.79,Synthetic explanation for software testing only; clinician review is required.
P00397,Viral Fever,priority_review,MediSense-Demo-Classifier-v1,0.89,Synthetic explanation for software testing only; clinician review is required.
P00398,Hypertension,priority_review,MediSense-Demo-Classifier-v1,0.9,Synthetic explanation for software testing only; clinician review is required.
P00399,Viral Fever,priority_review,MediSense-Demo-Classifier-v1,0.78,Synthetic explanation for software testing only; clinician review is required.
P00400,Hypertension,routine_review,MediSense-Demo-Classifier-v1,0.87,Synthetic explanation for software testing only; clinician review is required.
P00401,Acid Reflux,routine_review,MediSense-Demo-Classifier-v1,0.74,Synthetic explanation for software testing only; clinician review is required.
P00402,Gastroenteritis,routine_review,MediSense-Demo-Classifier-v1,0.9,Synthetic explanation for software testing only; clinician review is required.
P00403,Hypertension,routine_review,MediSense-Demo-Classifier-v1,0.9,Synthetic explanation for software testing only; clinician review is required.
P00404,Viral Fever,priority_review,MediSense-Demo-Classifier-v1,0.81,Synthetic explanation for software testing only; clinician review is required.
P00405,Gastroenteritis,routine_review,MediSense-Demo-Classifier-v1,0.69,Synthetic explanation for software testing only; clinician review is required.
P00406,Type 2 Diabetes,priority_review,MediSense-Demo-Classifier-v1,0.95,Synthetic explanation for software testing only; clinician review is required.
P00407,Gastroenteritis,routine_review,MediSense-Demo-Classifier-v1,0.94,Synthetic explanation for software testing only; clinician review is required.
P00408,Asthma Exacerbation,urgent_review,MediSense-Demo-Classifier-v1,0.83,Synthetic explanation for software testing only; clinician review is required.
P00409,Common Cold,routine_review,MediSense-Demo-Classifier-v1,0.95,Synthetic explanation for software testing only; clinician review is required.
P00410,Seasonal Allergy,routine_review,MediSense-Demo-Classifier-v1,0.79,Synthetic explanation for software testing only; clinician review is required.
P00411,Hypertension,routine_review,MediSense-Demo-Classifier-v1,0.75,Synthetic explanation for software testing only; clinician review is required.
P00412,Gastroenteritis,routine_review,MediSense-Demo-Classifier-v1,0.78,Synthetic explanation for software testing only; clinician review is required.
P00413,Gastroenteritis,urgent_review,MediSense-Demo-Classifier-v1,0.64,Synthetic explanation for software testing only; clinician review is required.
P00414,Seasonal Allergy,priority_review,MediSense-Demo-Classifier-v1,0.81,Synthetic explanation for software testing only; clinician review is required.
P00415,Urinary Tract Infection,routine_review,MediSense-Demo-Classifier-v1,0.85,Synthetic explanation for software testing only; clinician review is required.
P00416,Hypertension,priority_review,MediSense-Demo-Classifier-v1,0.66,Synthetic explanation for software testing only; clinician review is required.
P00417,Type 2 Diabetes,routine_review,MediSense-Demo-Classifier-v1,0.71,Synthetic explanation for software testing only; clinician review is required.
P00418,Common Cold,routine_review,MediSense-Demo-Classifier-v1,0.87,Synthetic explanation for software testing only; clinician review is required.
P00419,Asthma Exacerbation,urgent_review,MediSense-Demo-Classifier-v1,0.89,Synthetic explanation for software testing only; clinician review is required.
P00420,Gastroenteritis,routine_review,MediSense-Demo-Classifier-v1,0.96,Synthetic explanation for software testing only; clinician review is required.
P00421,Asthma Exacerbation,urgent_review,MediSense-Demo-Classifier-v1,0.71,Synthetic explanation for software testing only; clinician review is required.
P00422,Gastroenteritis,routine_review,MediSense-Demo-Classifier-v1,0.91,Synthetic explanation for software testing only; clinician review is required.
P00423,Gastroenteritis,routine_review,MediSense-Demo-Classifier-v1,0.68,Synthetic explanation for software testing only; clinician review is required.
P00424,Urinary Tract Infection,routine_review,MediSense-Demo-Classifier-v1,0.66,Synthetic explanation for software testing only; clinician review is required.
P00425,Asthma Exacerbation,urgent_review,MediSense-Demo-Classifier-v1,0.87,Synthetic explanation for software testing only; clinician review is required.
P00426,Urinary Tract Infection,routine_review,MediSense-Demo-Classifier-v1,0.77,Synthetic explanation for software testing only; clinician review is required.
P00427,Urinary Tract Infection,priority_review,MediSense-Demo-Classifier-v1,0.89,Synthetic explanation for software testing only; clinician review is required.
P00428,Hypertension,routine_review,MediSense-Demo-Classifier-v1,0.72,Synthetic explanation for software testing only; clinician review is required.
P00429,Viral Fever,priority_review,MediSense-Demo-Classifier-v1,0.69,Synthetic explanation for software testing only; clinician review is required.
P00430,Migraine,routine_review,MediSense-Demo-Classifier-v1,0.81,Synthetic explanation for software testing only; clinician review is required.
P00431,Hypertension,routine_review,MediSense-Demo-Classifier-v1,0.66,Synthetic explanation for software testing only; clinician review is required.
P00432,Type 2 Diabetes,routine_review,MediSense-Demo-Classifier-v1,0.71,Synthetic explanation for software testing only; clinician review is required.
P00433,Common Cold,routine_review,MediSense-Demo-Classifier-v1,0.68,Synthetic explanation for software testing only; clinician review is required.
P00434,Asthma Exacerbation,urgent_review,MediSense-Demo-Classifier-v1,0.73,Synthetic explanation for software testing only; clinician review is required.
P00435,Migraine,routine_review,MediSense-Demo-Classifier-v1,0.88,Synthetic explanation for software testing only; clinician review is required.
P00436,Viral Fever,routine_review,MediSense-Demo-Classifier-v1,0.66,Synthetic explanation for software testing only; clinician review is required.
P00437,Seasonal Allergy,routine_review,MediSense-Demo-Classifier-v1,0.83,Synthetic explanation for software testing only; clinician review is required.
P00438,Viral Fever,routine_review,MediSense-Demo-Classifier-v1,0.82,Synthetic explanation for software testing only; clinician review is required.
P00439,Seasonal Allergy,routine_review,MediSense-Demo-Classifier-v1,0.8,Synthetic explanation for software testing only; clinician review is required.
P00440,Urinary Tract Infection,routine_review,MediSense-Demo-Classifier-v1,0.78,Synthetic explanation for software testing only; clinician review is required.
P00441,Acid Reflux,urgent_review,MediSense-Demo-Classifier-v1,0.85,Synthetic explanation for software testing only; clinician review is required.
P00442,Gastroenteritis,priority_review,MediSense-Demo-Classifier-v1,0.91,Synthetic explanation for software testing only; clinician review is required.
P00443,Type 2 Diabetes,routine_review,MediSense-Demo-Classifier-v1,0.68,Synthetic explanation for software testing only; clinician review is required.
P00444,Acid Reflux,routine_review,MediSense-Demo-Classifier-v1,0.9,Synthetic explanation for software testing only; clinician review is required.
P00445,Type 2 Diabetes,priority_review,MediSense-Demo-Classifier-v1,0.64,Synthetic explanation for software testing only; clinician review is required.
P00446,Common Cold,routine_review,MediSense-Demo-Classifier-v1,0.78,Synthetic explanation for software testing only; clinician review is required.
P00447,Hypertension,routine_review,MediSense-Demo-Classifier-v1,0.79,Synthetic explanation for software testing only; clinician review is required.
P00448,Common Cold,routine_review,MediSense-Demo-Classifier-v1,0.69,Synthetic explanation for software testing only; clinician review is required.
P00449,Gastroenteritis,routine_review,MediSense-Demo-Classifier-v1,0.65,Synthetic explanation for software testing only; clinician review is required.
P00450,Type 2 Diabetes,routine_review,MediSense-Demo-Classifier-v1,0.65,Synthetic explanation for software testing only; clinician review is required.
P00451,Viral Fever,routine_review,MediSense-Demo-Classifier-v1,0.63,Synthetic explanation for software testing only; clinician review is required.
P00452,Urinary Tract Infection,routine_review,MediSense-Demo-Classifier-v1,0.82,Synthetic explanation for software testing only; clinician review is required.
P00453,Gastroenteritis,priority_review,MediSense-Demo-Classifier-v1,0.67,Synthetic explanation for software testing only; clinician review is required.
P00454,Hypertension,routine_review,MediSense-Demo-Classifier-v1,0.89,Synthetic explanation for software testing only; clinician review is required.
P00455,Viral Fever,routine_review,MediSense-Demo-Classifier-v1,0.93,Synthetic explanation for software testing only; clinician review is required.
P00456,Gastroenteritis,routine_review,MediSense-Demo-Classifier-v1,0.72,Synthetic explanation for software testing only; clinician review is required.
P00457,Type 2 Diabetes,routine_review,MediSense-Demo-Classifier-v1,0.68,Synthetic explanation for software testing only; clinician review is required.
P00458,Seasonal Allergy,routine_review,MediSense-Demo-Classifier-v1,0.76,Synthetic explanation for software testing only; clinician review is required.
P00459,Seasonal Allergy,priority_review,MediSense-Demo-Classifier-v1,0.92,Synthetic explanation for software testing only; clinician review is required.
P00460,Viral Fever,routine_review,MediSense-Demo-Classifier-v1,0.76,Synthetic explanation for software testing only; clinician review is required.
P00461,Acid Reflux,routine_review,MediSense-Demo-Classifier-v1,0.66,Synthetic explanation for software testing only; clinician review is required.
P00462,Seasonal Allergy,routine_review,MediSense-Demo-Classifier-v1,0.95,Synthetic explanation for software testing only; clinician review is required.
P00463,Seasonal Allergy,routine_review,MediSense-Demo-Classifier-v1,0.79,Synthetic explanation for software testing only; clinician review is required.
P00464,Common Cold,routine_review,MediSense-Demo-Classifier-v1,0.74,Synthetic explanation for software testing only; clinician review is required.
P00465,Type 2 Diabetes,routine_review,MediSense-Demo-Classifier-v1,0.92,Synthetic explanation for software testing only; clinician review is required.
P00466,Seasonal Allergy,routine_review,MediSense-Demo-Classifier-v1,0.94,Synthetic explanation for software testing only; clinician review is required.
P00467,Urinary Tract Infection,routine_review,MediSense-Demo-Classifier-v1,0.79,Synthetic explanation for software testing only; clinician review is required.
P00468,Acid Reflux,routine_review,MediSense-Demo-Classifier-v1,0.72,Synthetic explanation for software testing only; clinician review is required.
P00469,Common Cold,routine_review,MediSense-Demo-Classifier-v1,0.78,Synthetic explanation for software testing only; clinician review is required.
P00470,Asthma Exacerbation,urgent_review,MediSense-Demo-Classifier-v1,0.69,Synthetic explanation for software testing only; clinician review is required.
P00471,Urinary Tract Infection,routine_review,MediSense-Demo-Classifier-v1,0.78,Synthetic explanation for software testing only; clinician review is required.
P00472,Hypertension,routine_review,MediSense-Demo-Classifier-v1,0.7,Synthetic explanation for software testing only; clinician review is required.
P00473,Migraine,routine_review,MediSense-Demo-Classifier-v1,0.83,Synthetic explanation for software testing only; clinician review is required.
P00474,Gastroenteritis,routine_review,MediSense-Demo-Classifier-v1,0.88,Synthetic explanation for software testing only; clinician review is required.
P00475,Common Cold,routine_review,MediSense-Demo-Classifier-v1,0.95,Synthetic explanation for software testing only; clinician review is required.
P00476,Viral Fever,routine_review,MediSense-Demo-Classifier-v1,0.91,Synthetic explanation for software testing only; clinician review is required.
P00477,Hypertension,routine_review,MediSense-Demo-Classifier-v1,0.65,Synthetic explanation for software testing only; clinician review is required.
P00478,Common Cold,priority_review,MediSense-Demo-Classifier-v1,0.69,Synthetic explanation for software testing only; clinician review is required.
P00479,Gastroenteritis,routine_review,MediSense-Demo-Classifier-v1,0.8,Synthetic explanation for software testing only; clinician review is required.
P00480,Type 2 Diabetes,priority_review,MediSense-Demo-Classifier-v1,0.71,Synthetic explanation for software testing only; clinician review is required.
P00481,Common Cold,priority_review,MediSense-Demo-Classifier-v1,0.62,Synthetic explanation for software testing only; clinician review is required.
P00482,Migraine,priority_review,MediSense-Demo-Classifier-v1,0.88,Synthetic explanation for software testing only; clinician review is required.
P00483,Asthma Exacerbation,urgent_review,MediSense-Demo-Classifier-v1,0.74,Synthetic explanation for software testing only; clinician review is required.
P00484,Migraine,routine_review,MediSense-Demo-Classifier-v1,0.64,Synthetic explanation for software testing only; clinician review is required.
P00485,Migraine,priority_review,MediSense-Demo-Classifier-v1,0.79,Synthetic explanation for software testing only; clinician review is required.
P00486,Gastroenteritis,routine_review,MediSense-Demo-Classifier-v1,0.95,Synthetic explanation for software testing only; clinician review is required.
P00487,Seasonal Allergy,priority_review,MediSense-Demo-Classifier-v1,0.85,Synthetic explanation for software testing only; clinician review is required.
P00488,Urinary Tract Infection,routine_review,MediSense-Demo-Classifier-v1,0.67,Synthetic explanation for software testing only; clinician review is required.
P00489,Viral Fever,routine_review,MediSense-Demo-Classifier-v1,0.79,Synthetic explanation for software testing only; clinician review is required.
P00490,Asthma Exacerbation,urgent_review,MediSense-Demo-Classifier-v1,0.93,Synthetic explanation for software testing only; clinician review is required.
P00491,Common Cold,routine_review,MediSense-Demo-Classifier-v1,0.64,Synthetic explanation for software testing only; clinician review is required.
P00492,Hypertension,routine_review,MediSense-Demo-Classifier-v1,0.84,Synthetic explanation for software testing only; clinician review is required.
P00493,Seasonal Allergy,priority_review,MediSense-Demo-Classifier-v1,0.87,Synthetic explanation for software testing only; clinician review is required.
P00494,Hypertension,routine_review,MediSense-Demo-Classifier-v1,0.86,Synthetic explanation for software testing only; clinician review is required.
P00495,Migraine,priority_review,MediSense-Demo-Classifier-v1,0.67,Synthetic explanation for software testing only; clinician review is required.
P00496,Hypertension,routine_review,MediSense-Demo-Classifier-v1,0.93,Synthetic explanation for software testing only; clinician review is required.
P00497,Seasonal Allergy,routine_review,MediSense-Demo-Classifier-v1,0.73,Synthetic explanation for software testing only; clinician review is required.
P00498,Seasonal Allergy,routine_review,MediSense-Demo-Classifier-v1,0.64,Synthetic explanation for software testing only; clinician review is required.
P00499,Urinary Tract Infection,routine_review,MediSense-Demo-Classifier-v1,0.65,Synthetic explanation for software testing only; clinician review is required.
P00500,Common Cold,routine_review,MediSense-Demo-Classifier-v1,0.78,Synthetic explanation for software testing only; clinician review is required.
P00501,Seasonal Allergy,routine_review,MediSense-Demo-Classifier-v1,0.63,Synthetic explanation for software testing only; clinician review is required.
P00502,Viral Fever,routine_review,MediSense-Demo-Classifier-v1,0.89,Synthetic explanation for software testing only; clinician review is required.
P00503,Hypertension,routine_review,MediSense-Demo-Classifier-v1,0.91,Synthetic explanation for software testing only; clinician review is required.
P00504,Common Cold,routine_review,MediSense-Demo-Classifier-v1,0.62,Synthetic explanation for software testing only; clinician review is required.
P00505,Type 2 Diabetes,priority_review,MediSense-Demo-Classifier-v1,0.9,Synthetic explanation for software testing only; clinician review is required.
P00506,Hypertension,priority_review,MediSense-Demo-Classifier-v1,0.95,Synthetic explanation for software testing only; clinician review is required.
P00507,Type 2 Diabetes,routine_review,MediSense-Demo-Classifier-v1,0.63,Synthetic explanation for software testing only; clinician review is required.
P00508,Viral Fever,routine_review,MediSense-Demo-Classifier-v1,0.87,Synthetic explanation for software testing only; clinician review is required.
P00509,Viral Fever,routine_review,MediSense-Demo-Classifier-v1,0.96,Synthetic explanation for software testing only; clinician review is required.
P00510,Urinary Tract Infection,routine_review,MediSense-Demo-Classifier-v1,0.89,Synthetic explanation for software testing only; clinician review is required.
P00511,Viral Fever,routine_review,MediSense-Demo-Classifier-v1,0.79,Synthetic explanation for software testing only; clinician review is required.
P00512,Type 2 Diabetes,routine_review,MediSense-Demo-Classifier-v1,0.92,Synthetic explanation for software testing only; clinician review is required.
P00513,Common Cold,routine_review,MediSense-Demo-Classifier-v1,0.86,Synthetic explanation for software testing only; clinician review is required.
P00514,Migraine,routine_review,MediSense-Demo-Classifier-v1,0.72,Synthetic explanation for software testing only; clinician review is required.
P00515,Common Cold,routine_review,MediSense-Demo-Classifier-v1,0.7,Synthetic explanation for software testing only; clinician review is required.
P00516,Acid Reflux,urgent_review,MediSense-Demo-Classifier-v1,0.79,Synthetic explanation for software testing only; clinician review is required.
P00517,Gastroenteritis,routine_review,MediSense-Demo-Classifier-v1,0.75,Synthetic explanation for software testing only; clinician review is required.
P00518,Viral Fever,routine_review,MediSense-Demo-Classifier-v1,0.73,Synthetic explanation for software testing only; clinician review is required.
P00519,Hypertension,routine_review,MediSense-Demo-Classifier-v1,0.68,Synthetic explanation for software testing only; clinician review is required.
P00520,Acid Reflux,priority_review,MediSense-Demo-Classifier-v1,0.91,Synthetic explanation for software testing only; clinician review is required.
P00521,Common Cold,routine_review,MediSense-Demo-Classifier-v1,0.86,Synthetic explanation for software testing only; clinician review is required.
P00522,Hypertension,routine_review,MediSense-Demo-Classifier-v1,0.73,Synthetic explanation for software testing only; clinician review is required.
P00523,Type 2 Diabetes,priority_review,MediSense-Demo-Classifier-v1,0.7,Synthetic explanation for software testing only; clinician review is required.
P00524,Common Cold,routine_review,MediSense-Demo-Classifier-v1,0.66,Synthetic explanation for software testing only; clinician review is required.
P00525,Viral Fever,routine_review,MediSense-Demo-Classifier-v1,0.66,Synthetic explanation for software testing only; clinician review is required.
P00526,Migraine,priority_review,MediSense-Demo-Classifier-v1,0.83,Synthetic explanation for software testing only; clinician review is required.
P00527,Viral Fever,routine_review,MediSense-Demo-Classifier-v1,0.66,Synthetic explanation for software testing only; clinician review is required.
P00528,Urinary Tract Infection,routine_review,MediSense-Demo-Classifier-v1,0.95,Synthetic explanation for software testing only; clinician review is required.
P00529,Seasonal Allergy,routine_review,MediSense-Demo-Classifier-v1,0.71,Synthetic explanation for software testing only; clinician review is required.
P00530,Common Cold,routine_review,MediSense-Demo-Classifier-v1,0.63,Synthetic explanation for software testing only; clinician review is required.
P00531,Common Cold,routine_review,MediSense-Demo-Classifier-v1,0.91,Synthetic explanation for software testing only; clinician review is required.
P00532,Common Cold,routine_review,MediSense-Demo-Classifier-v1,0.74,Synthetic explanation for software testing only; clinician review is required.
P00533,Viral Fever,routine_review,MediSense-Demo-Classifier-v1,0.74,Synthetic explanation for software testing only; clinician review is required.
P00534,Migraine,routine_review,MediSense-Demo-Classifier-v1,0.66,Synthetic explanation for software testing only; clinician review is required.
P00535,Seasonal Allergy,priority_review,MediSense-Demo-Classifier-v1,0.84,Synthetic explanation for software testing only; clinician review is required.
P00536,Viral Fever,routine_review,MediSense-Demo-Classifier-v1,0.74,Synthetic explanation for software testing only; clinician review is required.
P00537,Viral Fever,priority_review,MediSense-Demo-Classifier-v1,0.9,Synthetic explanation for software testing only; clinician review is required.
P00538,Urinary Tract Infection,routine_review,MediSense-Demo-Classifier-v1,0.83,Synthetic explanation for software testing only; clinician review is required.
P00539,Acid Reflux,routine_review,MediSense-Demo-Classifier-v1,0.92,Synthetic explanation for software testing only; clinician review is required.
P00540,Gastroenteritis,routine_review,MediSense-Demo-Classifier-v1,0.83,Synthetic explanation for software testing only; clinician review is required.
P00541,Hypertension,priority_review,MediSense-Demo-Classifier-v1,0.88,Synthetic explanation for software testing only; clinician review is required.
P00542,Common Cold,routine_review,MediSense-Demo-Classifier-v1,0.86,Synthetic explanation for software testing only; clinician review is required.
P00543,Viral Fever,priority_review,MediSense-Demo-Classifier-v1,0.78,Synthetic explanation for software testing only; clinician review is required.
P00544,Acid Reflux,routine_review,MediSense-Demo-Classifier-v1,0.85,Synthetic explanation for software testing only; clinician review is required.
P00545,Hypertension,routine_review,MediSense-Demo-Classifier-v1,0.85,Synthetic explanation for software testing only; clinician review is required.
P00546,Asthma Exacerbation,urgent_review,MediSense-Demo-Classifier-v1,0.62,Synthetic explanation for software testing only; clinician review is required.
P00547,Viral Fever,routine_review,MediSense-Demo-Classifier-v1,0.86,Synthetic explanation for software testing only; clinician review is required.
P00548,Migraine,priority_review,MediSense-Demo-Classifier-v1,0.71,Synthetic explanation for software testing only; clinician review is required.
P00549,Viral Fever,routine_review,MediSense-Demo-Classifier-v1,0.8,Synthetic explanation for software testing only; clinician review is required.
P00550,Hypertension,routine_review,MediSense-Demo-Classifier-v1,0.66,Synthetic explanation for software testing only; clinician review is required.
P00551,Acid Reflux,urgent_review,MediSense-Demo-Classifier-v1,0.63,Synthetic explanation for software testing only; clinician review is required.
P00552,Urinary Tract Infection,priority_review,MediSense-Demo-Classifier-v1,0.63,Synthetic explanation for software testing only; clinician review is required.
P00553,Common Cold,routine_review,MediSense-Demo-Classifier-v1,0.67,Synthetic explanation for software testing only; clinician review is required.
P00554,Asthma Exacerbation,urgent_review,MediSense-Demo-Classifier-v1,0.63,Synthetic explanation for software testing only; clinician review is required.
P00555,Common Cold,routine_review,MediSense-Demo-Classifier-v1,0.67,Synthetic explanation for software testing only; clinician review is required.
P00556,Seasonal Allergy,priority_review,MediSense-Demo-Classifier-v1,0.81,Synthetic explanation for software testing only; clinician review is required.
P00557,Migraine,routine_review,MediSense-Demo-Classifier-v1,0.76,Synthetic explanation for software testing only; clinician review is required.
P00558,Viral Fever,routine_review,MediSense-Demo-Classifier-v1,0.95,Synthetic explanation for software testing only; clinician review is required.
P00559,Seasonal Allergy,routine_review,MediSense-Demo-Classifier-v1,0.89,Synthetic explanation for software testing only; clinician review is required.
P00560,Common Cold,priority_review,MediSense-Demo-Classifier-v1,0.67,Synthetic explanation for software testing only; clinician review is required.
P00561,Common Cold,routine_review,MediSense-Demo-Classifier-v1,0.76,Synthetic explanation for software testing only; clinician review is required.
P00562,Type 2 Diabetes,routine_review,MediSense-Demo-Classifier-v1,0.77,Synthetic explanation for software testing only; clinician review is required.
P00563,Viral Fever,routine_review,MediSense-Demo-Classifier-v1,0.74,Synthetic explanation for software testing only; clinician review is required.
P00564,Common Cold,routine_review,MediSense-Demo-Classifier-v1,0.79,Synthetic explanation for software testing only; clinician review is required.
P00565,Common Cold,routine_review,MediSense-Demo-Classifier-v1,0.85,Synthetic explanation for software testing only; clinician review is required.
P00566,Asthma Exacerbation,urgent_review,MediSense-Demo-Classifier-v1,0.84,Synthetic explanation for software testing only; clinician review is required.
P00567,Migraine,routine_review,MediSense-Demo-Classifier-v1,0.74,Synthetic explanation for software testing only; clinician review is required.
P00568,Asthma Exacerbation,urgent_review,MediSense-Demo-Classifier-v1,0.86,Synthetic explanation for software testing only; clinician review is required.
P00569,Gastroenteritis,priority_review,MediSense-Demo-Classifier-v1,0.72,Synthetic explanation for software testing only; clinician review is required.
P00570,Type 2 Diabetes,routine_review,MediSense-Demo-Classifier-v1,0.9,Synthetic explanation for software testing only; clinician review is required.
P00571,Migraine,routine_review,MediSense-Demo-Classifier-v1,0.95,Synthetic explanation for software testing only; clinician review is required.
P00572,Viral Fever,routine_review,MediSense-Demo-Classifier-v1,0.72,Synthetic explanation for software testing only; clinician review is required.
P00573,Common Cold,priority_review,MediSense-Demo-Classifier-v1,0.89,Synthetic explanation for software testing only; clinician review is required.
P00574,Acid Reflux,routine_review,MediSense-Demo-Classifier-v1,0.9,Synthetic explanation for software testing only; clinician review is required.
P00575,Acid Reflux,priority_review,MediSense-Demo-Classifier-v1,0.79,Synthetic explanation for software testing only; clinician review is required.
P00576,Viral Fever,priority_review,MediSense-Demo-Classifier-v1,0.65,Synthetic explanation for software testing only; clinician review is required.
P00577,Gastroenteritis,routine_review,MediSense-Demo-Classifier-v1,0.89,Synthetic explanation for software testing only; clinician review is required.
P00578,Seasonal Allergy,routine_review,MediSense-Demo-Classifier-v1,0.76,Synthetic explanation for software testing only; clinician review is required.
P00579,Hypertension,routine_review,MediSense-Demo-Classifier-v1,0.69,Synthetic explanation for software testing only; clinician review is required.
P00580,Viral Fever,priority_review,MediSense-Demo-Classifier-v1,0.83,Synthetic explanation for software testing only; clinician review is required.
P00581,Seasonal Allergy,priority_review,MediSense-Demo-Classifier-v1,0.77,Synthetic explanation for software testing only; clinician review is required.
P00582,Gastroenteritis,routine_review,MediSense-Demo-Classifier-v1,0.65,Synthetic explanation for software testing only; clinician review is required.
P00583,Gastroenteritis,routine_review,MediSense-Demo-Classifier-v1,0.95,Synthetic explanation for software testing only; clinician review is required.
P00584,Hypertension,priority_review,MediSense-Demo-Classifier-v1,0.7,Synthetic explanation for software testing only; clinician review is required.
P00585,Viral Fever,routine_review,MediSense-Demo-Classifier-v1,0.79,Synthetic explanation for software testing only; clinician review is required.
P00586,Viral Fever,routine_review,MediSense-Demo-Classifier-v1,0.85,Synthetic explanation for software testing only; clinician review is required.
P00587,Viral Fever,priority_review,MediSense-Demo-Classifier-v1,0.66,Synthetic explanation for software testing only; clinician review is required.
P00588,Migraine,priority_review,MediSense-Demo-Classifier-v1,0.87,Synthetic explanation for software testing only; clinician review is required.
P00589,Gastroenteritis,routine_review,MediSense-Demo-Classifier-v1,0.84,Synthetic explanation for software testing only; clinician review is required.
P00590,Common Cold,routine_review,MediSense-Demo-Classifier-v1,0.79,Synthetic explanation for software testing only; clinician review is required.
P00591,Hypertension,routine_review,MediSense-Demo-Classifier-v1,0.8,Synthetic explanation for software testing only; clinician review is required.
P00592,Gastroenteritis,routine_review,MediSense-Demo-Classifier-v1,0.94,Synthetic explanation for software testing only; clinician review is required.
P00593,Gastroenteritis,routine_review,MediSense-Demo-Classifier-v1,0.93,Synthetic explanation for software testing only; clinician review is required.
P00594,Seasonal Allergy,routine_review,MediSense-Demo-Classifier-v1,0.66,Synthetic explanation for software testing only; clinician review is required.
P00595,Seasonal Allergy,routine_review,MediSense-Demo-Classifier-v1,0.75,Synthetic explanation for software testing only; clinician review is required.
P00596,Asthma Exacerbation,urgent_review,MediSense-Demo-Classifier-v1,0.8,Synthetic explanation for software testing only; clinician review is required.
P00597,Seasonal Allergy,routine_review,MediSense-Demo-Classifier-v1,0.93,Synthetic explanation for software testing only; clinician review is required.
P00598,Common Cold,routine_review,MediSense-Demo-Classifier-v1,0.9,Synthetic explanation for software testing only; clinician review is required.
P00599,Hypertension,routine_review,MediSense-Demo-Classifier-v1,0.75,Synthetic explanation for software testing only; clinician review is required.
P00600,Gastroenteritis,routine_review,MediSense-Demo-Classifier-v1,0.92,Synthetic explanation for software testing only; clinician review is required.
P00601,Gastroenteritis,routine_review,MediSense-Demo-Classifier-v1,0.75,Synthetic explanation for software testing only; clinician review is required.
P00602,Gastroenteritis,priority_review,MediSense-Demo-Classifier-v1,0.71,Synthetic explanation for software testing only; clinician review is required.
P00603,Hypertension,routine_review,MediSense-Demo-Classifier-v1,0.83,Synthetic explanation for software testing only; clinician review is required.
P00604,Migraine,routine_review,MediSense-Demo-Classifier-v1,0.74,Synthetic explanation for software testing only; clinician review is required.
P00605,Viral Fever,routine_review,MediSense-Demo-Classifier-v1,0.83,Synthetic explanation for software testing only; clinician review is required.
P00606,Acid Reflux,routine_review,MediSense-Demo-Classifier-v1,0.76,Synthetic explanation for software testing only; clinician review is required.
P00607,Viral Fever,routine_review,MediSense-Demo-Classifier-v1,0.89,Synthetic explanation for software testing only; clinician review is required.
P00608,Gastroenteritis,routine_review,MediSense-Demo-Classifier-v1,0.94,Synthetic explanation for software testing only; clinician review is required.
P00609,Viral Fever,routine_review,MediSense-Demo-Classifier-v1,0.71,Synthetic explanation for software testing only; clinician review is required.
P00610,Gastroenteritis,priority_review,MediSense-Demo-Classifier-v1,0.79,Synthetic explanation for software testing only; clinician review is required.
P00611,Gastroenteritis,routine_review,MediSense-Demo-Classifier-v1,0.87,Synthetic explanation for software testing only; clinician review is required.
P00612,Urinary Tract Infection,priority_review,MediSense-Demo-Classifier-v1,0.67,Synthetic explanation for software testing only; clinician review is required.
P00613,Migraine,routine_review,MediSense-Demo-Classifier-v1,0.89,Synthetic explanation for software testing only; clinician review is required.
P00614,Common Cold,routine_review,MediSense-Demo-Classifier-v1,0.82,Synthetic explanation for software testing only; clinician review is required.
P00615,Gastroenteritis,routine_review,MediSense-Demo-Classifier-v1,0.67,Synthetic explanation for software testing only; clinician review is required.
P00616,Common Cold,priority_review,MediSense-Demo-Classifier-v1,0.92,Synthetic explanation for software testing only; clinician review is required.
P00617,Gastroenteritis,routine_review,MediSense-Demo-Classifier-v1,0.77,Synthetic explanation for software testing only; clinician review is required.
P00618,Asthma Exacerbation,urgent_review,MediSense-Demo-Classifier-v1,0.68,Synthetic explanation for software testing only; clinician review is required.
P00619,Acid Reflux,routine_review,MediSense-Demo-Classifier-v1,0.69,Synthetic explanation for software testing only; clinician review is required.
P00620,Common Cold,priority_review,MediSense-Demo-Classifier-v1,0.89,Synthetic explanation for software testing only; clinician review is required.
P00621,Viral Fever,routine_review,MediSense-Demo-Classifier-v1,0.94,Synthetic explanation for software testing only; clinician review is required.
P00622,Gastroenteritis,priority_review,MediSense-Demo-Classifier-v1,0.75,Synthetic explanation for software testing only; clinician review is required.
P00623,Common Cold,routine_review,MediSense-Demo-Classifier-v1,0.65,Synthetic explanation for software testing only; clinician review is required.
P00624,Seasonal Allergy,routine_review,MediSense-Demo-Classifier-v1,0.65,Synthetic explanation for software testing only; clinician review is required.
P00625,Common Cold,routine_review,MediSense-Demo-Classifier-v1,0.84,Synthetic explanation for software testing only; clinician review is required.
P00626,Seasonal Allergy,routine_review,MediSense-Demo-Classifier-v1,0.75,Synthetic explanation for software testing only; clinician review is required.
P00627,Migraine,routine_review,MediSense-Demo-Classifier-v1,0.76,Synthetic explanation for software testing only; clinician review is required.
P00628,Gastroenteritis,routine_review,MediSense-Demo-Classifier-v1,0.73,Synthetic explanation for software testing only; clinician review is required.
P00629,Urinary Tract Infection,routine_review,MediSense-Demo-Classifier-v1,0.78,Synthetic explanation for software testing only; clinician review is required.
P00630,Common Cold,routine_review,MediSense-Demo-Classifier-v1,0.84,Synthetic explanation for software testing only; clinician review is required.
P00631,Common Cold,routine_review,MediSense-Demo-Classifier-v1,0.8,Synthetic explanation for software testing only; clinician review is required.
P00632,Common Cold,routine_review,MediSense-Demo-Classifier-v1,0.68,Synthetic explanation for software testing only; clinician review is required.
P00633,Urinary Tract Infection,priority_review,MediSense-Demo-Classifier-v1,0.79,Synthetic explanation for software testing only; clinician review is required.
P00634,Migraine,routine_review,MediSense-Demo-Classifier-v1,0.78,Synthetic explanation for software testing only; clinician review is required.
P00635,Urinary Tract Infection,routine_review,MediSense-Demo-Classifier-v1,0.81,Synthetic explanation for software testing only; clinician review is required.
P00636,Seasonal Allergy,routine_review,MediSense-Demo-Classifier-v1,0.66,Synthetic explanation for software testing only; clinician review is required.
P00637,Common Cold,priority_review,MediSense-Demo-Classifier-v1,0.67,Synthetic explanation for software testing only; clinician review is required.
P00638,Acid Reflux,priority_review,MediSense-Demo-Classifier-v1,0.8,Synthetic explanation for software testing only; clinician review is required.
P00639,Common Cold,priority_review,MediSense-Demo-Classifier-v1,0.71,Synthetic explanation for software testing only; clinician review is required.
P00640,Common Cold,routine_review,MediSense-Demo-Classifier-v1,0.83,Synthetic explanation for software testing only; clinician review is required.
P00641,Common Cold,routine_review,MediSense-Demo-Classifier-v1,0.75,Synthetic explanation for software testing only; clinician review is required.
P00642,Acid Reflux,routine_review,MediSense-Demo-Classifier-v1,0.7,Synthetic explanation for software testing only; clinician review is required.
P00643,Asthma Exacerbation,urgent_review,MediSense-Demo-Classifier-v1,0.84,Synthetic explanation for software testing only; clinician review is required.
P00644,Asthma Exacerbation,urgent_review,MediSense-Demo-Classifier-v1,0.75,Synthetic explanation for software testing only; clinician review is required.
P00645,Acid Reflux,priority_review,MediSense-Demo-Classifier-v1,0.67,Synthetic explanation for software testing only; clinician review is required.
P00646,Common Cold,routine_review,MediSense-Demo-Classifier-v1,0.89,Synthetic explanation for software testing only; clinician review is required.
P00647,Acid Reflux,priority_review,MediSense-Demo-Classifier-v1,0.77,Synthetic explanation for software testing only; clinician review is required.
P00648,Seasonal Allergy,routine_review,MediSense-Demo-Classifier-v1,0.93,Synthetic explanation for software testing only; clinician review is required.
P00649,Viral Fever,routine_review,MediSense-Demo-Classifier-v1,0.69,Synthetic explanation for software testing only; clinician review is required.
P00650,Gastroenteritis,routine_review,MediSense-Demo-Classifier-v1,0.92,Synthetic explanation for software testing only; clinician review is required.
P00651,Gastroenteritis,priority_review,MediSense-Demo-Classifier-v1,0.9,Synthetic explanation for software testing only; clinician review is required.
P00652,Acid Reflux,routine_review,MediSense-Demo-Classifier-v1,0.66,Synthetic explanation for software testing only; clinician review is required.
P00653,Common Cold,routine_review,MediSense-Demo-Classifier-v1,0.8,Synthetic explanation for software testing only; clinician review is required.
P00654,Acid Reflux,priority_review,MediSense-Demo-Classifier-v1,0.84,Synthetic explanation for software testing only; clinician review is required.
P00655,Gastroenteritis,routine_review,MediSense-Demo-Classifier-v1,0.79,Synthetic explanation for software testing only; clinician review is required.
P00656,Viral Fever,routine_review,MediSense-Demo-Classifier-v1,0.75,Synthetic explanation for software testing only; clinician review is required.
P00657,Acid Reflux,routine_review,MediSense-Demo-Classifier-v1,0.94,Synthetic explanation for software testing only; clinician review is required.
P00658,Common Cold,routine_review,MediSense-Demo-Classifier-v1,0.86,Synthetic explanation for software testing only; clinician review is required.
P00659,Type 2 Diabetes,priority_review,MediSense-Demo-Classifier-v1,0.95,Synthetic explanation for software testing only; clinician review is required.
P00660,Asthma Exacerbation,urgent_review,MediSense-Demo-Classifier-v1,0.91,Synthetic explanation for software testing only; clinician review is required.
P00661,Viral Fever,routine_review,MediSense-Demo-Classifier-v1,0.9,Synthetic explanation for software testing only; clinician review is required.
P00662,Common Cold,routine_review,MediSense-Demo-Classifier-v1,0.87,Synthetic explanation for software testing only; clinician review is required.
P00663,Urinary Tract Infection,routine_review,MediSense-Demo-Classifier-v1,0.84,Synthetic explanation for software testing only; clinician review is required.
P00664,Viral Fever,urgent_review,MediSense-Demo-Classifier-v1,0.92,Synthetic explanation for software testing only; clinician review is required.
P00665,Gastroenteritis,routine_review,MediSense-Demo-Classifier-v1,0.83,Synthetic explanation for software testing only; clinician review is required.
P00666,Common Cold,routine_review,MediSense-Demo-Classifier-v1,0.65,Synthetic explanation for software testing only; clinician review is required.
P00667,Seasonal Allergy,routine_review,MediSense-Demo-Classifier-v1,0.82,Synthetic explanation for software testing only; clinician review is required.
P00668,Type 2 Diabetes,routine_review,MediSense-Demo-Classifier-v1,0.65,Synthetic explanation for software testing only; clinician review is required.
P00669,Common Cold,routine_review,MediSense-Demo-Classifier-v1,0.94,Synthetic explanation for software testing only; clinician review is required.
P00670,Viral Fever,routine_review,MediSense-Demo-Classifier-v1,0.84,Synthetic explanation for software testing only; clinician review is required.
P00671,Acid Reflux,priority_review,MediSense-Demo-Classifier-v1,0.81,Synthetic explanation for software testing only; clinician review is required.
P00672,Common Cold,priority_review,MediSense-Demo-Classifier-v1,0.69,Synthetic explanation for software testing only; clinician review is required.
P00673,Common Cold,routine_review,MediSense-Demo-Classifier-v1,0.8,Synthetic explanation for software testing only; clinician review is required.
P00674,Viral Fever,routine_review,MediSense-Demo-Classifier-v1,0.74,Synthetic explanation for software testing only; clinician review is required.
P00675,Common Cold,routine_review,MediSense-Demo-Classifier-v1,0.85,Synthetic explanation for software testing only; clinician review is required.
P00676,Asthma Exacerbation,urgent_review,MediSense-Demo-Classifier-v1,0.83,Synthetic explanation for software testing only; clinician review is required.
P00677,Viral Fever,routine_review,MediSense-Demo-Classifier-v1,0.79,Synthetic explanation for software testing only; clinician review is required.
P00678,Asthma Exacerbation,urgent_review,MediSense-Demo-Classifier-v1,0.71,Synthetic explanation for software testing only; clinician review is required.
P00679,Migraine,routine_review,MediSense-Demo-Classifier-v1,0.8,Synthetic explanation for software testing only; clinician review is required.
P00680,Viral Fever,routine_review,MediSense-Demo-Classifier-v1,0.78,Synthetic explanation for software testing only; clinician review is required.
P00681,Asthma Exacerbation,urgent_review,MediSense-Demo-Classifier-v1,0.91,Synthetic explanation for software testing only; clinician review is required.
P00682,Seasonal Allergy,routine_review,MediSense-Demo-Classifier-v1,0.92,Synthetic explanation for software testing only; clinician review is required.
P00683,Asthma Exacerbation,urgent_review,MediSense-Demo-Classifier-v1,0.88,Synthetic explanation for software testing only; clinician review is required.
P00684,Type 2 Diabetes,routine_review,MediSense-Demo-Classifier-v1,0.73,Synthetic explanation for software testing only; clinician review is required.
P00685,Viral Fever,routine_review,MediSense-Demo-Classifier-v1,0.63,Synthetic explanation for software testing only; clinician review is required.
P00686,Urinary Tract Infection,priority_review,MediSense-Demo-Classifier-v1,0.93,Synthetic explanation for software testing only; clinician review is required.
P00687,Migraine,routine_review,MediSense-Demo-Classifier-v1,0.96,Synthetic explanation for software testing only; clinician review is required.
P00688,Common Cold,routine_review,MediSense-Demo-Classifier-v1,0.66,Synthetic explanation for software testing only; clinician review is required.
P00689,Seasonal Allergy,routine_review,MediSense-Demo-Classifier-v1,0.85,Synthetic explanation for software testing only; clinician review is required.
P00690,Common Cold,routine_review,MediSense-Demo-Classifier-v1,0.76,Synthetic explanation for software testing only; clinician review is required.
P00691,Acid Reflux,routine_review,MediSense-Demo-Classifier-v1,0.67,Synthetic explanation for software testing only; clinician review is required.
P00692,Seasonal Allergy,routine_review,MediSense-Demo-Classifier-v1,0.96,Synthetic explanation for software testing only; clinician review is required.
P00693,Hypertension,routine_review,MediSense-Demo-Classifier-v1,0.94,Synthetic explanation for software testing only; clinician review is required.
P00694,Common Cold,routine_review,MediSense-Demo-Classifier-v1,0.95,Synthetic explanation for software testing only; clinician review is required.
P00695,Migraine,routine_review,MediSense-Demo-Classifier-v1,0.67,Synthetic explanation for software testing only; clinician review is required.
P00696,Gastroenteritis,routine_review,MediSense-Demo-Classifier-v1,0.79,Synthetic explanation for software testing only; clinician review is required.
P00697,Migraine,routine_review,MediSense-Demo-Classifier-v1,0.92,Synthetic explanation for software testing only; clinician review is required.
P00698,Hypertension,routine_review,MediSense-Demo-Classifier-v1,0.85,Synthetic explanation for software testing only; clinician review is required.
P00699,Acid Reflux,routine_review,MediSense-Demo-Classifier-v1,0.77,Synthetic explanation for software testing only; clinician review is required.
P00700,Type 2 Diabetes,priority_review,MediSense-Demo-Classifier-v1,0.8,Synthetic explanation for software testing only; clinician review is required.
P00701,Common Cold,routine_review,MediSense-Demo-Classifier-v1,0.63,Synthetic explanation for software testing only; clinician review is required.
P00702,Hypertension,routine_review,MediSense-Demo-Classifier-v1,0.83,Synthetic explanation for software testing only; clinician review is required.
P00703,Common Cold,routine_review,MediSense-Demo-Classifier-v1,0.91,Synthetic explanation for software testing only; clinician review is required.
P00704,Type 2 Diabetes,routine_review,MediSense-Demo-Classifier-v1,0.62,Synthetic explanation for software testing only; clinician review is required.
P00705,Urinary Tract Infection,routine_review,MediSense-Demo-Classifier-v1,0.67,Synthetic explanation for software testing only; clinician review is required.
P00706,Migraine,routine_review,MediSense-Demo-Classifier-v1,0.8,Synthetic explanation for software testing only; clinician review is required.
P00707,Common Cold,routine_review,MediSense-Demo-Classifier-v1,0.81,Synthetic explanation for software testing only; clinician review is required.
P00708,Common Cold,routine_review,MediSense-Demo-Classifier-v1,0.74,Synthetic explanation for software testing only; clinician review is required.
P00709,Seasonal Allergy,routine_review,MediSense-Demo-Classifier-v1,0.63,Synthetic explanation for software testing only; clinician review is required.
P00710,Type 2 Diabetes,priority_review,MediSense-Demo-Classifier-v1,0.87,Synthetic explanation for software testing only; clinician review is required.
P00711,Hypertension,routine_review,MediSense-Demo-Classifier-v1,0.7,Synthetic explanation for software testing only; clinician review is required.
P00712,Acid Reflux,routine_review,MediSense-Demo-Classifier-v1,0.84,Synthetic explanation for software testing only; clinician review is required.
P00713,Common Cold,priority_review,MediSense-Demo-Classifier-v1,0.81,Synthetic explanation for software testing only; clinician review is required.
P00714,Asthma Exacerbation,urgent_review,MediSense-Demo-Classifier-v1,0.77,Synthetic explanation for software testing only; clinician review is required.
P00715,Seasonal Allergy,routine_review,MediSense-Demo-Classifier-v1,0.82,Synthetic explanation for software testing only; clinician review is required.
P00716,Urinary Tract Infection,routine_review,MediSense-Demo-Classifier-v1,0.86,Synthetic explanation for software testing only; clinician review is required.
P00717,Migraine,routine_review,MediSense-Demo-Classifier-v1,0.81,Synthetic explanation for software testing only; clinician review is required.
P00718,Migraine,priority_review,MediSense-Demo-Classifier-v1,0.81,Synthetic explanation for software testing only; clinician review is required.
P00719,Asthma Exacerbation,urgent_review,MediSense-Demo-Classifier-v1,0.77,Synthetic explanation for software testing only; clinician review is required.
P00720,Seasonal Allergy,routine_review,MediSense-Demo-Classifier-v1,0.77,Synthetic explanation for software testing only; clinician review is required.
P00721,Gastroenteritis,routine_review,MediSense-Demo-Classifier-v1,0.79,Synthetic explanation for software testing only; clinician review is required.
P00722,Viral Fever,routine_review,MediSense-Demo-Classifier-v1,0.77,Synthetic explanation for software testing only; clinician review is required.
P00723,Common Cold,routine_review,MediSense-Demo-Classifier-v1,0.77,Synthetic explanation for software testing only; clinician review is required.
P00724,Acid Reflux,priority_review,MediSense-Demo-Classifier-v1,0.69,Synthetic explanation for software testing only; clinician review is required.
P00725,Urinary Tract Infection,priority_review,MediSense-Demo-Classifier-v1,0.87,Synthetic explanation for software testing only; clinician review is required.
P00726,Hypertension,routine_review,MediSense-Demo-Classifier-v1,0.67,Synthetic explanation for software testing only; clinician review is required.
P00727,Viral Fever,priority_review,MediSense-Demo-Classifier-v1,0.93,Synthetic explanation for software testing only; clinician review is required.
P00728,Viral Fever,routine_review,MediSense-Demo-Classifier-v1,0.83,Synthetic explanation for software testing only; clinician review is required.
P00729,Viral Fever,routine_review,MediSense-Demo-Classifier-v1,0.64,Synthetic explanation for software testing only; clinician review is required.
P00730,Type 2 Diabetes,routine_review,MediSense-Demo-Classifier-v1,0.84,Synthetic explanation for software testing only; clinician review is required.
P00731,Asthma Exacerbation,urgent_review,MediSense-Demo-Classifier-v1,0.74,Synthetic explanation for software testing only; clinician review is required.
P00732,Migraine,routine_review,MediSense-Demo-Classifier-v1,0.94,Synthetic explanation for software testing only; clinician review is required.
P00733,Common Cold,priority_review,MediSense-Demo-Classifier-v1,0.94,Synthetic explanation for software testing only; clinician review is required.
P00734,Asthma Exacerbation,urgent_review,MediSense-Demo-Classifier-v1,0.91,Synthetic explanation for software testing only; clinician review is required.
P00735,Common Cold,routine_review,MediSense-Demo-Classifier-v1,0.81,Synthetic explanation for software testing only; clinician review is required.
P00736,Seasonal Allergy,priority_review,MediSense-Demo-Classifier-v1,0.93,Synthetic explanation for software testing only; clinician review is required.
P00737,Common Cold,priority_review,MediSense-Demo-Classifier-v1,0.84,Synthetic explanation for software testing only; clinician review is required.
P00738,Urinary Tract Infection,routine_review,MediSense-Demo-Classifier-v1,0.92,Synthetic explanation for software testing only; clinician review is required.
P00739,Common Cold,routine_review,MediSense-Demo-Classifier-v1,0.67,Synthetic explanation for software testing only; clinician review is required.
P00740,Asthma Exacerbation,urgent_review,MediSense-Demo-Classifier-v1,0.93,Synthetic explanation for software testing only; clinician review is required.
P00741,Hypertension,routine_review,MediSense-Demo-Classifier-v1,0.84,Synthetic explanation for software testing only; clinician review is required.
P00742,Hypertension,priority_review,MediSense-Demo-Classifier-v1,0.72,Synthetic explanation for software testing only; clinician review is required.
P00743,Migraine,routine_review,MediSense-Demo-Classifier-v1,0.96,Synthetic explanation for software testing only; clinician review is required.
P00744,Urinary Tract Infection,routine_review,MediSense-Demo-Classifier-v1,0.85,Synthetic explanation for software testing only; clinician review is required.
P00745,Asthma Exacerbation,urgent_review,MediSense-Demo-Classifier-v1,0.93,Synthetic explanation for software testing only; clinician review is required.
P00746,Urinary Tract Infection,priority_review,MediSense-Demo-Classifier-v1,0.62,Synthetic explanation for software testing only; clinician review is required.
P00747,Viral Fever,routine_review,MediSense-Demo-Classifier-v1,0.81,Synthetic explanation for software testing only; clinician review is required.
P00748,Seasonal Allergy,routine_review,MediSense-Demo-Classifier-v1,0.86,Synthetic explanation for software testing only; clinician review is required.
P00749,Acid Reflux,routine_review,MediSense-Demo-Classifier-v1,0.62,Synthetic explanation for software testing only; clinician review is required.
P00750,Common Cold,priority_review,MediSense-Demo-Classifier-v1,0.88,Synthetic explanation for software testing only; clinician review is required.
P00751,Hypertension,routine_review,MediSense-Demo-Classifier-v1,0.84,Synthetic explanation for software testing only; clinician review is required.
P00752,Asthma Exacerbation,urgent_review,MediSense-Demo-Classifier-v1,0.71,Synthetic explanation for software testing only; clinician review is required.
P00753,Seasonal Allergy,routine_review,MediSense-Demo-Classifier-v1,0.85,Synthetic explanation for software testing only; clinician review is required.
P00754,Viral Fever,routine_review,MediSense-Demo-Classifier-v1,0.66,Synthetic explanation for software testing only; clinician review is required.
P00755,Common Cold,priority_review,MediSense-Demo-Classifier-v1,0.9,Synthetic explanation for software testing only; clinician review is required.
P00756,Hypertension,routine_review,MediSense-Demo-Classifier-v1,0.91,Synthetic explanation for software testing only; clinician review is required.
P00757,Asthma Exacerbation,urgent_review,MediSense-Demo-Classifier-v1,0.79,Synthetic explanation for software testing only; clinician review is required.
P00758,Common Cold,routine_review,MediSense-Demo-Classifier-v1,0.79,Synthetic explanation for software testing only; clinician review is required.
P00759,Common Cold,routine_review,MediSense-Demo-Classifier-v1,0.76,Synthetic explanation for software testing only; clinician review is required.
P00760,Viral Fever,priority_review,MediSense-Demo-Classifier-v1,0.74,Synthetic explanation for software testing only; clinician review is required.
P00761,Migraine,routine_review,MediSense-Demo-Classifier-v1,0.92,Synthetic explanation for software testing only; clinician review is required.
P00762,Type 2 Diabetes,routine_review,MediSense-Demo-Classifier-v1,0.72,Synthetic explanation for software testing only; clinician review is required.
P00763,Hypertension,routine_review,MediSense-Demo-Classifier-v1,0.76,Synthetic explanation for software testing only; clinician review is required.
P00764,Viral Fever,routine_review,MediSense-Demo-Classifier-v1,0.72,Synthetic explanation for software testing only; clinician review is required.
P00765,Migraine,routine_review,MediSense-Demo-Classifier-v1,0.84,Synthetic explanation for software testing only; clinician review is required.
P00766,Viral Fever,routine_review,MediSense-Demo-Classifier-v1,0.9,Synthetic explanation for software testing only; clinician review is required.
P00767,Acid Reflux,routine_review,MediSense-Demo-Classifier-v1,0.68,Synthetic explanation for software testing only; clinician review is required.
P00768,Common Cold,routine_review,MediSense-Demo-Classifier-v1,0.71,Synthetic explanation for software testing only; clinician review is required.
P00769,Migraine,routine_review,MediSense-Demo-Classifier-v1,0.66,Synthetic explanation for software testing only; clinician review is required.
P00770,Seasonal Allergy,routine_review,MediSense-Demo-Classifier-v1,0.67,Synthetic explanation for software testing only; clinician review is required.
P00771,Gastroenteritis,routine_review,MediSense-Demo-Classifier-v1,0.76,Synthetic explanation for software testing only; clinician review is required.
P00772,Viral Fever,routine_review,MediSense-Demo-Classifier-v1,0.88,Synthetic explanation for software testing only; clinician review is required.
P00773,Urinary Tract Infection,routine_review,MediSense-Demo-Classifier-v1,0.8,Synthetic explanation for software testing only; clinician review is required.
P00774,Asthma Exacerbation,urgent_review,MediSense-Demo-Classifier-v1,0.64,Synthetic explanation for software testing only; clinician review is required.
P00775,Migraine,routine_review,MediSense-Demo-Classifier-v1,0.83,Synthetic explanation for software testing only; clinician review is required.
P00776,Common Cold,priority_review,MediSense-Demo-Classifier-v1,0.89,Synthetic explanation for software testing only; clinician review is required.
P00777,Seasonal Allergy,routine_review,MediSense-Demo-Classifier-v1,0.75,Synthetic explanation for software testing only; clinician review is required.
P00778,Type 2 Diabetes,routine_review,MediSense-Demo-Classifier-v1,0.7,Synthetic explanation for software testing only; clinician review is required.
P00779,Asthma Exacerbation,urgent_review,MediSense-Demo-Classifier-v1,0.88,Synthetic explanation for software testing only; clinician review is required.
P00780,Gastroenteritis,priority_review,MediSense-Demo-Classifier-v1,0.63,Synthetic explanation for software testing only; clinician review is required.
P00781,Hypertension,routine_review,MediSense-Demo-Classifier-v1,0.9,Synthetic explanation for software testing only; clinician review is required.
P00782,Common Cold,routine_review,MediSense-Demo-Classifier-v1,0.89,Synthetic explanation for software testing only; clinician review is required.
P00783,Seasonal Allergy,routine_review,MediSense-Demo-Classifier-v1,0.92,Synthetic explanation for software testing only; clinician review is required.
P00784,Seasonal Allergy,routine_review,MediSense-Demo-Classifier-v1,0.65,Synthetic explanation for software testing only; clinician review is required.
P00785,Acid Reflux,priority_review,MediSense-Demo-Classifier-v1,0.66,Synthetic explanation for software testing only; clinician review is required.
P00786,Viral Fever,routine_review,MediSense-Demo-Classifier-v1,0.92,Synthetic explanation for software testing only; clinician review is required.
P00787,Asthma Exacerbation,urgent_review,MediSense-Demo-Classifier-v1,0.78,Synthetic explanation for software testing only; clinician review is required.
P00788,Common Cold,routine_review,MediSense-Demo-Classifier-v1,0.75,Synthetic explanation for software testing only; clinician review is required.
P00789,Seasonal Allergy,routine_review,MediSense-Demo-Classifier-v1,0.81,Synthetic explanation for software testing only; clinician review is required.
P00790,Viral Fever,routine_review,MediSense-Demo-Classifier-v1,0.64,Synthetic explanation for software testing only; clinician review is required.
P00791,Gastroenteritis,routine_review,MediSense-Demo-Classifier-v1,0.84,Synthetic explanation for software testing only; clinician review is required.
P00792,Type 2 Diabetes,routine_review,MediSense-Demo-Classifier-v1,0.94,Synthetic explanation for software testing only; clinician review is required.
P00793,Hypertension,routine_review,MediSense-Demo-Classifier-v1,0.85,Synthetic explanation for software testing only; clinician review is required.
P00794,Gastroenteritis,routine_review,MediSense-Demo-Classifier-v1,0.78,Synthetic explanation for software testing only; clinician review is required.
P00795,Viral Fever,routine_review,MediSense-Demo-Classifier-v1,0.95,Synthetic explanation for software testing only; clinician review is required.
P00796,Acid Reflux,priority_review,MediSense-Demo-Classifier-v1,0.85,Synthetic explanation for software testing only; clinician review is required.
P00797,Gastroenteritis,routine_review,MediSense-Demo-Classifier-v1,0.64,Synthetic explanation for software testing only; clinician review is required.
P00798,Viral Fever,routine_review,MediSense-Demo-Classifier-v1,0.85,Synthetic explanation for software testing only; clinician review is required.
P00799,Type 2 Diabetes,routine_review,MediSense-Demo-Classifier-v1,0.64,Synthetic explanation for software testing only; clinician review is required.
P00800,Seasonal Allergy,routine_review,MediSense-Demo-Classifier-v1,0.72,Synthetic explanation for software testing only; clinician review is required.
P00801,Type 2 Diabetes,priority_review,MediSense-Demo-Classifier-v1,0.83,Synthetic explanation for software testing only; clinician review is required.
P00802,Common Cold,routine_review,MediSense-Demo-Classifier-v1,0.69,Synthetic explanation for software testing only; clinician review is required.
P00803,Viral Fever,routine_review,MediSense-Demo-Classifier-v1,0.63,Synthetic explanation for software testing only; clinician review is required.
P00804,Hypertension,routine_review,MediSense-Demo-Classifier-v1,0.83,Synthetic explanation for software testing only; clinician review is required.
P00805,Asthma Exacerbation,urgent_review,MediSense-Demo-Classifier-v1,0.72,Synthetic explanation for software testing only; clinician review is required.
P00806,Urinary Tract Infection,routine_review,MediSense-Demo-Classifier-v1,0.8,Synthetic explanation for software testing only; clinician review is required.
P00807,Asthma Exacerbation,urgent_review,MediSense-Demo-Classifier-v1,0.71,Synthetic explanation for software testing only; clinician review is required.
P00808,Common Cold,routine_review,MediSense-Demo-Classifier-v1,0.85,Synthetic explanation for software testing only; clinician review is required.
P00809,Seasonal Allergy,routine_review,MediSense-Demo-Classifier-v1,0.92,Synthetic explanation for software testing only; clinician review is required.
P00810,Seasonal Allergy,routine_review,MediSense-Demo-Classifier-v1,0.65,Synthetic explanation for software testing only; clinician review is required.
P00811,Asthma Exacerbation,urgent_review,MediSense-Demo-Classifier-v1,0.89,Synthetic explanation for software testing only; clinician review is required.
P00812,Gastroenteritis,routine_review,MediSense-Demo-Classifier-v1,0.67,Synthetic explanation for software testing only; clinician review is required.
P00813,Seasonal Allergy,routine_review,MediSense-Demo-Classifier-v1,0.73,Synthetic explanation for software testing only; clinician review is required.
P00814,Type 2 Diabetes,priority_review,MediSense-Demo-Classifier-v1,0.74,Synthetic explanation for software testing only; clinician review is required.
P00815,Gastroenteritis,routine_review,MediSense-Demo-Classifier-v1,0.69,Synthetic explanation for software testing only; clinician review is required.
P00816,Gastroenteritis,routine_review,MediSense-Demo-Classifier-v1,0.65,Synthetic explanation for software testing only; clinician review is required.
P00817,Gastroenteritis,priority_review,MediSense-Demo-Classifier-v1,0.88,Synthetic explanation for software testing only; clinician review is required.
P00818,Seasonal Allergy,routine_review,MediSense-Demo-Classifier-v1,0.89,Synthetic explanation for software testing only; clinician review is required.
P00819,Viral Fever,routine_review,MediSense-Demo-Classifier-v1,0.96,Synthetic explanation for software testing only; clinician review is required.
P00820,Gastroenteritis,routine_review,MediSense-Demo-Classifier-v1,0.94,Synthetic explanation for software testing only; clinician review is required.
P00821,Common Cold,routine_review,MediSense-Demo-Classifier-v1,0.77,Synthetic explanation for software testing only; clinician review is required.
P00822,Acid Reflux,routine_review,MediSense-Demo-Classifier-v1,0.67,Synthetic explanation for software testing only; clinician review is required.
P00823,Hypertension,routine_review,MediSense-Demo-Classifier-v1,0.62,Synthetic explanation for software testing only; clinician review is required.
P00824,Viral Fever,routine_review,MediSense-Demo-Classifier-v1,0.8,Synthetic explanation for software testing only; clinician review is required.
P00825,Type 2 Diabetes,routine_review,MediSense-Demo-Classifier-v1,0.91,Synthetic explanation for software testing only; clinician review is required.
P00826,Type 2 Diabetes,priority_review,MediSense-Demo-Classifier-v1,0.71,Synthetic explanation for software testing only; clinician review is required.
P00827,Migraine,routine_review,MediSense-Demo-Classifier-v1,0.69,Synthetic explanation for software testing only; clinician review is required.
P00828,Asthma Exacerbation,urgent_review,MediSense-Demo-Classifier-v1,0.77,Synthetic explanation for software testing only; clinician review is required.
P00829,Asthma Exacerbation,urgent_review,MediSense-Demo-Classifier-v1,0.92,Synthetic explanation for software testing only; clinician review is required.
P00830,Seasonal Allergy,routine_review,MediSense-Demo-Classifier-v1,0.77,Synthetic explanation for software testing only; clinician review is required.
P00831,Seasonal Allergy,routine_review,MediSense-Demo-Classifier-v1,0.87,Synthetic explanation for software testing only; clinician review is required.
P00832,Common Cold,routine_review,MediSense-Demo-Classifier-v1,0.78,Synthetic explanation for software testing only; clinician review is required.
P00833,Viral Fever,routine_review,MediSense-Demo-Classifier-v1,0.75,Synthetic explanation for software testing only; clinician review is required.
P00834,Hypertension,routine_review,MediSense-Demo-Classifier-v1,0.77,Synthetic explanation for software testing only; clinician review is required.
P00835,Hypertension,priority_review,MediSense-Demo-Classifier-v1,0.88,Synthetic explanation for software testing only; clinician review is required.
P00836,Migraine,routine_review,MediSense-Demo-Classifier-v1,0.88,Synthetic explanation for software testing only; clinician review is required.
P00837,Seasonal Allergy,routine_review,MediSense-Demo-Classifier-v1,0.77,Synthetic explanation for software testing only; clinician review is required.
P00838,Gastroenteritis,routine_review,MediSense-Demo-Classifier-v1,0.71,Synthetic explanation for software testing only; clinician review is required.
P00839,Urinary Tract Infection,routine_review,MediSense-Demo-Classifier-v1,0.67,Synthetic explanation for software testing only; clinician review is required.
P00840,Type 2 Diabetes,routine_review,MediSense-Demo-Classifier-v1,0.62,Synthetic explanation for software testing only; clinician review is required.
P00841,Type 2 Diabetes,priority_review,MediSense-Demo-Classifier-v1,0.66,Synthetic explanation for software testing only; clinician review is required.
P00842,Type 2 Diabetes,priority_review,MediSense-Demo-Classifier-v1,0.68,Synthetic explanation for software testing only; clinician review is required.
P00843,Type 2 Diabetes,routine_review,MediSense-Demo-Classifier-v1,0.85,Synthetic explanation for software testing only; clinician review is required.
P00844,Acid Reflux,priority_review,MediSense-Demo-Classifier-v1,0.9,Synthetic explanation for software testing only; clinician review is required.
P00845,Gastroenteritis,routine_review,MediSense-Demo-Classifier-v1,0.87,Synthetic explanation for software testing only; clinician review is required.
P00846,Common Cold,priority_review,MediSense-Demo-Classifier-v1,0.87,Synthetic explanation for software testing only; clinician review is required.
P00847,Common Cold,routine_review,MediSense-Demo-Classifier-v1,0.96,Synthetic explanation for software testing only; clinician review is required.
P00848,Gastroenteritis,routine_review,MediSense-Demo-Classifier-v1,0.95,Synthetic explanation for software testing only; clinician review is required.
P00849,Seasonal Allergy,routine_review,MediSense-Demo-Classifier-v1,0.71,Synthetic explanation for software testing only; clinician review is required.
P00850,Common Cold,routine_review,MediSense-Demo-Classifier-v1,0.67,Synthetic explanation for software testing only; clinician review is required.
P00851,Acid Reflux,routine_review,MediSense-Demo-Classifier-v1,0.67,Synthetic explanation for software testing only; clinician review is required.
P00852,Seasonal Allergy,routine_review,MediSense-Demo-Classifier-v1,0.92,Synthetic explanation for software testing only; clinician review is required.
P00853,Acid Reflux,routine_review,MediSense-Demo-Classifier-v1,0.65,Synthetic explanation for software testing only; clinician review is required.
P00854,Hypertension,priority_review,MediSense-Demo-Classifier-v1,0.74,Synthetic explanation for software testing only; clinician review is required.
P00855,Viral Fever,routine_review,MediSense-Demo-Classifier-v1,0.8,Synthetic explanation for software testing only; clinician review is required.
P00856,Viral Fever,priority_review,MediSense-Demo-Classifier-v1,0.83,Synthetic explanation for software testing only; clinician review is required.
P00857,Migraine,priority_review,MediSense-Demo-Classifier-v1,0.82,Synthetic explanation for software testing only; clinician review is required.
P00858,Viral Fever,routine_review,MediSense-Demo-Classifier-v1,0.89,Synthetic explanation for software testing only; clinician review is required.
P00859,Seasonal Allergy,routine_review,MediSense-Demo-Classifier-v1,0.81,Synthetic explanation for software testing only; clinician review is required.
P00860,Acid Reflux,urgent_review,MediSense-Demo-Classifier-v1,0.91,Synthetic explanation for software testing only; clinician review is required.
P00861,Migraine,routine_review,MediSense-Demo-Classifier-v1,0.65,Synthetic explanation for software testing only; clinician review is required.
P00862,Seasonal Allergy,routine_review,MediSense-Demo-Classifier-v1,0.91,Synthetic explanation for software testing only; clinician review is required.
P00863,Viral Fever,routine_review,MediSense-Demo-Classifier-v1,0.82,Synthetic explanation for software testing only; clinician review is required.
P00864,Viral Fever,routine_review,MediSense-Demo-Classifier-v1,0.7,Synthetic explanation for software testing only; clinician review is required.
P00865,Gastroenteritis,priority_review,MediSense-Demo-Classifier-v1,0.95,Synthetic explanation for software testing only; clinician review is required.
P00866,Viral Fever,routine_review,MediSense-Demo-Classifier-v1,0.94,Synthetic explanation for software testing only; clinician review is required.
P00867,Common Cold,routine_review,MediSense-Demo-Classifier-v1,0.91,Synthetic explanation for software testing only; clinician review is required.
P00868,Viral Fever,routine_review,MediSense-Demo-Classifier-v1,0.93,Synthetic explanation for software testing only; clinician review is required.
P00869,Migraine,routine_review,MediSense-Demo-Classifier-v1,0.75,Synthetic explanation for software testing only; clinician review is required.
P00870,Migraine,priority_review,MediSense-Demo-Classifier-v1,0.7,Synthetic explanation for software testing only; clinician review is required.
P00871,Common Cold,priority_review,MediSense-Demo-Classifier-v1,0.68,Synthetic explanation for software testing only; clinician review is required.
P00872,Migraine,priority_review,MediSense-Demo-Classifier-v1,0.92,Synthetic explanation for software testing only; clinician review is required.
P00873,Migraine,routine_review,MediSense-Demo-Classifier-v1,0.9,Synthetic explanation for software testing only; clinician review is required.
P00874,Gastroenteritis,routine_review,MediSense-Demo-Classifier-v1,0.95,Synthetic explanation for software testing only; clinician review is required.
P00875,Seasonal Allergy,priority_review,MediSense-Demo-Classifier-v1,0.91,Synthetic explanation for software testing only; clinician review is required.
P00876,Seasonal Allergy,routine_review,MediSense-Demo-Classifier-v1,0.84,Synthetic explanation for software testing only; clinician review is required.
P00877,Urinary Tract Infection,routine_review,MediSense-Demo-Classifier-v1,0.67,Synthetic explanation for software testing only; clinician review is required.
P00878,Common Cold,routine_review,MediSense-Demo-Classifier-v1,0.68,Synthetic explanation for software testing only; clinician review is required.
P00879,Viral Fever,priority_review,MediSense-Demo-Classifier-v1,0.78,Synthetic explanation for software testing only; clinician review is required.
P00880,Acid Reflux,routine_review,MediSense-Demo-Classifier-v1,0.88,Synthetic explanation for software testing only; clinician review is required.
P00881,Gastroenteritis,routine_review,MediSense-Demo-Classifier-v1,0.68,Synthetic explanation for software testing only; clinician review is required.
P00882,Type 2 Diabetes,routine_review,MediSense-Demo-Classifier-v1,0.93,Synthetic explanation for software testing only; clinician review is required.
P00883,Common Cold,routine_review,MediSense-Demo-Classifier-v1,0.85,Synthetic explanation for software testing only; clinician review is required.
P00884,Common Cold,routine_review,MediSense-Demo-Classifier-v1,0.73,Synthetic explanation for software testing only; clinician review is required.
P00885,Viral Fever,priority_review,MediSense-Demo-Classifier-v1,0.92,Synthetic explanation for software testing only; clinician review is required.
P00886,Hypertension,routine_review,MediSense-Demo-Classifier-v1,0.82,Synthetic explanation for software testing only; clinician review is required.
P00887,Hypertension,routine_review,MediSense-Demo-Classifier-v1,0.87,Synthetic explanation for software testing only; clinician review is required.
P00888,Common Cold,priority_review,MediSense-Demo-Classifier-v1,0.75,Synthetic explanation for software testing only; clinician review is required.
P00889,Hypertension,priority_review,MediSense-Demo-Classifier-v1,0.75,Synthetic explanation for software testing only; clinician review is required.
P00890,Gastroenteritis,routine_review,MediSense-Demo-Classifier-v1,0.62,Synthetic explanation for software testing only; clinician review is required.
P00891,Migraine,priority_review,MediSense-Demo-Classifier-v1,0.8,Synthetic explanation for software testing only; clinician review is required.
P00892,Seasonal Allergy,routine_review,MediSense-Demo-Classifier-v1,0.88,Synthetic explanation for software testing only; clinician review is required.
P00893,Acid Reflux,priority_review,MediSense-Demo-Classifier-v1,0.95,Synthetic explanation for software testing only; clinician review is required.
P00894,Common Cold,routine_review,MediSense-Demo-Classifier-v1,0.92,Synthetic explanation for software testing only; clinician review is required.
P00895,Hypertension,routine_review,MediSense-Demo-Classifier-v1,0.65,Synthetic explanation for software testing only; clinician review is required.
P00896,Viral Fever,priority_review,MediSense-Demo-Classifier-v1,0.95,Synthetic explanation for software testing only; clinician review is required.
P00897,Viral Fever,routine_review,MediSense-Demo-Classifier-v1,0.67,Synthetic explanation for software testing only; clinician review is required.
P00898,Viral Fever,routine_review,MediSense-Demo-Classifier-v1,0.63,Synthetic explanation for software testing only; clinician review is required.
P00899,Type 2 Diabetes,priority_review,MediSense-Demo-Classifier-v1,0.87,Synthetic explanation for software testing only; clinician review is required.
P00900,Seasonal Allergy,routine_review,MediSense-Demo-Classifier-v1,0.93,Synthetic explanation for software testing only; clinician review is required.
P00901,Common Cold,routine_review,MediSense-Demo-Classifier-v1,0.94,Synthetic explanation for software testing only; clinician review is required.
P00902,Asthma Exacerbation,urgent_review,MediSense-Demo-Classifier-v1,0.9,Synthetic explanation for software testing only; clinician review is required.
P00903,Migraine,routine_review,MediSense-Demo-Classifier-v1,0.69,Synthetic explanation for software testing only; clinician review is required.
P00904,Common Cold,priority_review,MediSense-Demo-Classifier-v1,0.67,Synthetic explanation for software testing only; clinician review is required.
P00905,Seasonal Allergy,priority_review,MediSense-Demo-Classifier-v1,0.64,Synthetic explanation for software testing only; clinician review is required.
P00906,Migraine,routine_review,MediSense-Demo-Classifier-v1,0.82,Synthetic explanation for software testing only; clinician review is required.
P00907,Common Cold,routine_review,MediSense-Demo-Classifier-v1,0.79,Synthetic explanation for software testing only; clinician review is required.
P00908,Common Cold,priority_review,MediSense-Demo-Classifier-v1,0.66,Synthetic explanation for software testing only; clinician review is required.
P00909,Type 2 Diabetes,routine_review,MediSense-Demo-Classifier-v1,0.78,Synthetic explanation for software testing only; clinician review is required.
P00910,Migraine,priority_review,MediSense-Demo-Classifier-v1,0.81,Synthetic explanation for software testing only; clinician review is required.
P00911,Acid Reflux,urgent_review,MediSense-Demo-Classifier-v1,0.87,Synthetic explanation for software testing only; clinician review is required.
P00912,Acid Reflux,priority_review,MediSense-Demo-Classifier-v1,0.76,Synthetic explanation for software testing only; clinician review is required.
P00913,Common Cold,routine_review,MediSense-Demo-Classifier-v1,0.73,Synthetic explanation for software testing only; clinician review is required.
P00914,Viral Fever,routine_review,MediSense-Demo-Classifier-v1,0.85,Synthetic explanation for software testing only; clinician review is required.
P00915,Asthma Exacerbation,urgent_review,MediSense-Demo-Classifier-v1,0.85,Synthetic explanation for software testing only; clinician review is required.
P00916,Viral Fever,routine_review,MediSense-Demo-Classifier-v1,0.71,Synthetic explanation for software testing only; clinician review is required.
P00917,Common Cold,routine_review,MediSense-Demo-Classifier-v1,0.63,Synthetic explanation for software testing only; clinician review is required.
P00918,Seasonal Allergy,routine_review,MediSense-Demo-Classifier-v1,0.94,Synthetic explanation for software testing only; clinician review is required.
P00919,Common Cold,routine_review,MediSense-Demo-Classifier-v1,0.88,Synthetic explanation for software testing only; clinician review is required.
P00920,Asthma Exacerbation,urgent_review,MediSense-Demo-Classifier-v1,0.69,Synthetic explanation for software testing only; clinician review is required.
P00921,Acid Reflux,priority_review,MediSense-Demo-Classifier-v1,0.81,Synthetic explanation for software testing only; clinician review is required.
P00922,Viral Fever,routine_review,MediSense-Demo-Classifier-v1,0.82,Synthetic explanation for software testing only; clinician review is required.
P00923,Viral Fever,routine_review,MediSense-Demo-Classifier-v1,0.66,Synthetic explanation for software testing only; clinician review is required.
P00924,Acid Reflux,routine_review,MediSense-Demo-Classifier-v1,0.69,Synthetic explanation for software testing only; clinician review is required.
P00925,Viral Fever,routine_review,MediSense-Demo-Classifier-v1,0.95,Synthetic explanation for software testing only; clinician review is required.
P00926,Common Cold,routine_review,MediSense-Demo-Classifier-v1,0.79,Synthetic explanation for software testing only; clinician review is required.
P00927,Type 2 Diabetes,routine_review,MediSense-Demo-Classifier-v1,0.69,Synthetic explanation for software testing only; clinician review is required.
P00928,Migraine,routine_review,MediSense-Demo-Classifier-v1,0.89,Synthetic explanation for software testing only; clinician review is required.
P00929,Common Cold,routine_review,MediSense-Demo-Classifier-v1,0.78,Synthetic explanation for software testing only; clinician review is required.
P00930,Urinary Tract Infection,routine_review,MediSense-Demo-Classifier-v1,0.84,Synthetic explanation for software testing only; clinician review is required.
P00931,Acid Reflux,routine_review,MediSense-Demo-Classifier-v1,0.72,Synthetic explanation for software testing only; clinician review is required.
P00932,Seasonal Allergy,routine_review,MediSense-Demo-Classifier-v1,0.64,Synthetic explanation for software testing only; clinician review is required.
P00933,Urinary Tract Infection,routine_review,MediSense-Demo-Classifier-v1,0.68,Synthetic explanation for software testing only; clinician review is required.
P00934,Seasonal Allergy,routine_review,MediSense-Demo-Classifier-v1,0.95,Synthetic explanation for software testing only; clinician review is required.
P00935,Common Cold,routine_review,MediSense-Demo-Classifier-v1,0.83,Synthetic explanation for software testing only; clinician review is required.
P00936,Common Cold,routine_review,MediSense-Demo-Classifier-v1,0.9,Synthetic explanation for software testing only; clinician review is required.
P00937,Viral Fever,routine_review,MediSense-Demo-Classifier-v1,0.63,Synthetic explanation for software testing only; clinician review is required.
P00938,Type 2 Diabetes,priority_review,MediSense-Demo-Classifier-v1,0.88,Synthetic explanation for software testing only; clinician review is required.
P00939,Common Cold,routine_review,MediSense-Demo-Classifier-v1,0.78,Synthetic explanation for software testing only; clinician review is required.
P00940,Migraine,routine_review,MediSense-Demo-Classifier-v1,0.85,Synthetic explanation for software testing only; clinician review is required.
P00941,Seasonal Allergy,routine_review,MediSense-Demo-Classifier-v1,0.74,Synthetic explanation for software testing only; clinician review is required.
P00942,Common Cold,routine_review,MediSense-Demo-Classifier-v1,0.83,Synthetic explanation for software testing only; clinician review is required.
P00943,Asthma Exacerbation,urgent_review,MediSense-Demo-Classifier-v1,0.63,Synthetic explanation for software testing only; clinician review is required.
P00944,Viral Fever,routine_review,MediSense-Demo-Classifier-v1,0.64,Synthetic explanation for software testing only; clinician review is required.
P00945,Viral Fever,routine_review,MediSense-Demo-Classifier-v1,0.89,Synthetic explanation for software testing only; clinician review is required.
P00946,Gastroenteritis,routine_review,MediSense-Demo-Classifier-v1,0.66,Synthetic explanation for software testing only; clinician review is required.
P00947,Asthma Exacerbation,urgent_review,MediSense-Demo-Classifier-v1,0.62,Synthetic explanation for software testing only; clinician review is required.
P00948,Common Cold,routine_review,MediSense-Demo-Classifier-v1,0.93,Synthetic explanation for software testing only; clinician review is required.
P00949,Common Cold,priority_review,MediSense-Demo-Classifier-v1,0.71,Synthetic explanation for software testing only; clinician review is required.
P00950,Acid Reflux,routine_review,MediSense-Demo-Classifier-v1,0.82,Synthetic explanation for software testing only; clinician review is required.
P00951,Hypertension,routine_review,MediSense-Demo-Classifier-v1,0.91,Synthetic explanation for software testing only; clinician review is required.
P00952,Type 2 Diabetes,priority_review,MediSense-Demo-Classifier-v1,0.87,Synthetic explanation for software testing only; clinician review is required.
P00953,Type 2 Diabetes,routine_review,MediSense-Demo-Classifier-v1,0.64,Synthetic explanation for software testing only; clinician review is required.
P00954,Viral Fever,routine_review,MediSense-Demo-Classifier-v1,0.81,Synthetic explanation for software testing only; clinician review is required.
P00955,Type 2 Diabetes,priority_review,MediSense-Demo-Classifier-v1,0.8,Synthetic explanation for software testing only; clinician review is required.
P00956,Gastroenteritis,routine_review,MediSense-Demo-Classifier-v1,0.74,Synthetic explanation for software testing only; clinician review is required.
P00957,Common Cold,priority_review,MediSense-Demo-Classifier-v1,0.88,Synthetic explanation for software testing only; clinician review is required.
P00958,Common Cold,routine_review,MediSense-Demo-Classifier-v1,0.95,Synthetic explanation for software testing only; clinician review is required.
P00959,Common Cold,routine_review,MediSense-Demo-Classifier-v1,0.67,Synthetic explanation for software testing only; clinician review is required.
P00960,Common Cold,routine_review,MediSense-Demo-Classifier-v1,0.67,Synthetic explanation for software testing only; clinician review is required.
P00961,Migraine,routine_review,MediSense-Demo-Classifier-v1,0.87,Synthetic explanation for software testing only; clinician review is required.
P00962,Viral Fever,priority_review,MediSense-Demo-Classifier-v1,0.77,Synthetic explanation for software testing only; clinician review is required.
P00963,Hypertension,routine_review,MediSense-Demo-Classifier-v1,0.89,Synthetic explanation for software testing only; clinician review is required.
P00964,Asthma Exacerbation,urgent_review,MediSense-Demo-Classifier-v1,0.67,Synthetic explanation for software testing only; clinician review is required.
P00965,Common Cold,routine_review,MediSense-Demo-Classifier-v1,0.63,Synthetic explanation for software testing only; clinician review is required.
P00966,Viral Fever,routine_review,MediSense-Demo-Classifier-v1,0.86,Synthetic explanation for software testing only; clinician review is required.
P00967,Migraine,routine_review,MediSense-Demo-Classifier-v1,0.96,Synthetic explanation for software testing only; clinician review is required.
P00968,Common Cold,routine_review,MediSense-Demo-Classifier-v1,0.65,Synthetic explanation for software testing only; clinician review is required.
P00969,Migraine,routine_review,MediSense-Demo-Classifier-v1,0.91,Synthetic explanation for software testing only; clinician review is required.
P00970,Migraine,routine_review,MediSense-Demo-Classifier-v1,0.75,Synthetic explanation for software testing only; clinician review is required.
P00971,Migraine,routine_review,MediSense-Demo-Classifier-v1,0.63,Synthetic explanation for software testing only; clinician review is required.
P00972,Hypertension,routine_review,MediSense-Demo-Classifier-v1,0.79,Synthetic explanation for software testing only; clinician review is required.
P00973,Viral Fever,routine_review,MediSense-Demo-Classifier-v1,0.71,Synthetic explanation for software testing only; clinician review is required.
P00974,Viral Fever,routine_review,MediSense-Demo-Classifier-v1,0.86,Synthetic explanation for software testing only; clinician review is required.
P00975,Common Cold,priority_review,MediSense-Demo-Classifier-v1,0.72,Synthetic explanation for software testing only; clinician review is required.
P00976,Hypertension,priority_review,MediSense-Demo-Classifier-v1,0.78,Synthetic explanation for software testing only; clinician review is required.
P00977,Viral Fever,routine_review,MediSense-Demo-Classifier-v1,0.69,Synthetic explanation for software testing only; clinician review is required.
P00978,Seasonal Allergy,routine_review,MediSense-Demo-Classifier-v1,0.9,Synthetic explanation for software testing only; clinician review is required.
P00979,Viral Fever,routine_review,MediSense-Demo-Classifier-v1,0.93,Synthetic explanation for software testing only; clinician review is required.
P00980,Urinary Tract Infection,routine_review,MediSense-Demo-Classifier-v1,0.76,Synthetic explanation for software testing only; clinician review is required.
P00981,Gastroenteritis,routine_review,MediSense-Demo-Classifier-v1,0.77,Synthetic explanation for software testing only; clinician review is required.
P00982,Common Cold,priority_review,MediSense-Demo-Classifier-v1,0.95,Synthetic explanation for software testing only; clinician review is required.
P00983,Urinary Tract Infection,priority_review,MediSense-Demo-Classifier-v1,0.67,Synthetic explanation for software testing only; clinician review is required.
P00984,Common Cold,priority_review,MediSense-Demo-Classifier-v1,0.89,Synthetic explanation for software testing only; clinician review is required.
P00985,Common Cold,routine_review,MediSense-Demo-Classifier-v1,0.81,Synthetic explanation for software testing only; clinician review is required.
P00986,Common Cold,routine_review,MediSense-Demo-Classifier-v1,0.92,Synthetic explanation for software testing only; clinician review is required.
P00987,Acid Reflux,routine_review,MediSense-Demo-Classifier-v1,0.72,Synthetic explanation for software testing only; clinician review is required.
P00988,Migraine,routine_review,MediSense-Demo-Classifier-v1,0.72,Synthetic explanation for software testing only; clinician review is required.
P00989,Migraine,routine_review,MediSense-Demo-Classifier-v1,0.73,Synthetic explanation for software testing only; clinician review is required.
P00990,Migraine,priority_review,MediSense-Demo-Classifier-v1,0.63,Synthetic explanation for software testing only; clinician review is required.
P00991,Type 2 Diabetes,routine_review,MediSense-Demo-Classifier-v1,0.68,Synthetic explanation for software testing only; clinician review is required.
P00992,Asthma Exacerbation,urgent_review,MediSense-Demo-Classifier-v1,0.96,Synthetic explanation for software testing only; clinician review is required.
P00993,Type 2 Diabetes,routine_review,MediSense-Demo-Classifier-v1,0.7,Synthetic explanation for software testing only; clinician review is required.
P00994,Migraine,priority_review,MediSense-Demo-Classifier-v1,0.63,Synthetic explanation for software testing only; clinician review is required.
P00995,Common Cold,routine_review,MediSense-Demo-Classifier-v1,0.71,Synthetic explanation for software testing only; clinician review is required.
P00996,Asthma Exacerbation,urgent_review,MediSense-Demo-Classifier-v1,0.76,Synthetic explanation for software testing only; clinician review is required.
P00997,Migraine,priority_review,MediSense-Demo-Classifier-v1,0.81,Synthetic explanation for software testing only; clinician review is required.
P00998,Hypertension,routine_review,MediSense-Demo-Classifier-v1,0.64,Synthetic explanation for software testing only; clinician review is required.
P00999,Type 2 Diabetes,routine_review,MediSense-Demo-Classifier-v1,0.89,Synthetic explanation for software testing only; clinician review is required.
P01000,Urinary Tract Infection,priority_review,MediSense-Demo-Classifier-v1,0.9,Synthetic explanation for software testing only; clinician review is required.
P01001,Acid Reflux,routine_review,MediSense-Demo-Classifier-v1,0.69,Synthetic explanation for software testing only; clinician review is required.
P01002,Asthma Exacerbation,urgent_review,MediSense-Demo-Classifier-v1,0.89,Synthetic explanation for software testing only; clinician review is required.
P01003,Migraine,routine_review,MediSense-Demo-Classifier-v1,0.74,Synthetic explanation for software testing only; clinician review is required.
P01004,Urinary Tract Infection,routine_review,MediSense-Demo-Classifier-v1,0.76,Synthetic explanation for software testing only; clinician review is required.
P01005,Common Cold,routine_review,MediSense-Demo-Classifier-v1,0.94,Synthetic explanation for software testing only; clinician review is required.
P01006,Hypertension,routine_review,MediSense-Demo-Classifier-v1,0.92,Synthetic explanation for software testing only; clinician review is required.
P01007,Common Cold,routine_review,MediSense-Demo-Classifier-v1,0.75,Synthetic explanation for software testing only; clinician review is required.
P01008,Migraine,routine_review,MediSense-Demo-Classifier-v1,0.79,Synthetic explanation for software testing only; clinician review is required.
P01009,Asthma Exacerbation,urgent_review,MediSense-Demo-Classifier-v1,0.72,Synthetic explanation for software testing only; clinician review is required.
P01010,Common Cold,priority_review,MediSense-Demo-Classifier-v1,0.8,Synthetic explanation for software testing only; clinician review is required.
P01011,Common Cold,routine_review,MediSense-Demo-Classifier-v1,0.85,Synthetic explanation for software testing only; clinician review is required.
P01012,Viral Fever,routine_review,MediSense-Demo-Classifier-v1,0.65,Synthetic explanation for software testing only; clinician review is required.
P01013,Common Cold,priority_review,MediSense-Demo-Classifier-v1,0.93,Synthetic explanation for software testing only; clinician review is required.
P01014,Urinary Tract Infection,routine_review,MediSense-Demo-Classifier-v1,0.86,Synthetic explanation for software testing only; clinician review is required.
P01015,Migraine,routine_review,MediSense-Demo-Classifier-v1,0.65,Synthetic explanation for software testing only; clinician review is required.
P01016,Seasonal Allergy,routine_review,MediSense-Demo-Classifier-v1,0.92,Synthetic explanation for software testing only; clinician review is required.
P01017,Seasonal Allergy,routine_review,MediSense-Demo-Classifier-v1,0.87,Synthetic explanation for software testing only; clinician review is required.
P01018,Hypertension,priority_review,MediSense-Demo-Classifier-v1,0.73,Synthetic explanation for software testing only; clinician review is required.
P01019,Acid Reflux,priority_review,MediSense-Demo-Classifier-v1,0.8,Synthetic explanation for software testing only; clinician review is required.
P01020,Common Cold,routine_review,MediSense-Demo-Classifier-v1,0.91,Synthetic explanation for software testing only; clinician review is required.
P01021,Acid Reflux,routine_review,MediSense-Demo-Classifier-v1,0.95,Synthetic explanation for software testing only; clinician review is required.
P01022,Asthma Exacerbation,urgent_review,MediSense-Demo-Classifier-v1,0.72,Synthetic explanation for software testing only; clinician review is required.
P01023,Viral Fever,routine_review,MediSense-Demo-Classifier-v1,0.84,Synthetic explanation for software testing only; clinician review is required.
P01024,Viral Fever,priority_review,MediSense-Demo-Classifier-v1,0.91,Synthetic explanation for software testing only; clinician review is required.
P01025,Viral Fever,routine_review,MediSense-Demo-Classifier-v1,0.96,Synthetic explanation for software testing only; clinician review is required.
P01026,Hypertension,routine_review,MediSense-Demo-Classifier-v1,0.64,Synthetic explanation for software testing only; clinician review is required.
P01027,Urinary Tract Infection,routine_review,MediSense-Demo-Classifier-v1,0.79,Synthetic explanation for software testing only; clinician review is required.
P01028,Urinary Tract Infection,priority_review,MediSense-Demo-Classifier-v1,0.92,Synthetic explanation for software testing only; clinician review is required.
P01029,Migraine,priority_review,MediSense-Demo-Classifier-v1,0.62,Synthetic explanation for software testing only; clinician review is required.
P01030,Common Cold,routine_review,MediSense-Demo-Classifier-v1,0.77,Synthetic explanation for software testing only; clinician review is required.
P01031,Viral Fever,routine_review,MediSense-Demo-Classifier-v1,0.82,Synthetic explanation for software testing only; clinician review is required.
P01032,Common Cold,routine_review,MediSense-Demo-Classifier-v1,0.8,Synthetic explanation for software testing only; clinician review is required.
P01033,Migraine,routine_review,MediSense-Demo-Classifier-v1,0.87,Synthetic explanation for software testing only; clinician review is required.
P01034,Common Cold,routine_review,MediSense-Demo-Classifier-v1,0.64,Synthetic explanation for software testing only; clinician review is required.
P01035,Seasonal Allergy,routine_review,MediSense-Demo-Classifier-v1,0.89,Synthetic explanation for software testing only; clinician review is required.
P01036,Viral Fever,priority_review,MediSense-Demo-Classifier-v1,0.72,Synthetic explanation for software testing only; clinician review is required.
P01037,Viral Fever,routine_review,MediSense-Demo-Classifier-v1,0.9,Synthetic explanation for software testing only; clinician review is required.
P01038,Gastroenteritis,routine_review,MediSense-Demo-Classifier-v1,0.76,Synthetic explanation for software testing only; clinician review is required.
P01039,Common Cold,routine_review,MediSense-Demo-Classifier-v1,0.63,Synthetic explanation for software testing only; clinician review is required.
P01040,Gastroenteritis,priority_review,MediSense-Demo-Classifier-v1,0.95,Synthetic explanation for software testing only; clinician review is required.
P01041,Migraine,routine_review,MediSense-Demo-Classifier-v1,0.89,Synthetic explanation for software testing only; clinician review is required.
P01042,Viral Fever,priority_review,MediSense-Demo-Classifier-v1,0.74,Synthetic explanation for software testing only; clinician review is required.
P01043,Asthma Exacerbation,urgent_review,MediSense-Demo-Classifier-v1,0.71,Synthetic explanation for software testing only; clinician review is required.
P01044,Urinary Tract Infection,routine_review,MediSense-Demo-Classifier-v1,0.82,Synthetic explanation for software testing only; clinician review is required.
P01045,Urinary Tract Infection,routine_review,MediSense-Demo-Classifier-v1,0.96,Synthetic explanation for software testing only; clinician review is required.
P01046,Acid Reflux,priority_review,MediSense-Demo-Classifier-v1,0.72,Synthetic explanation for software testing only; clinician review is required.
P01047,Viral Fever,routine_review,MediSense-Demo-Classifier-v1,0.94,Synthetic explanation for software testing only; clinician review is required.
P01048,Urinary Tract Infection,priority_review,MediSense-Demo-Classifier-v1,0.73,Synthetic explanation for software testing only; clinician review is required.
P01049,Urinary Tract Infection,routine_review,MediSense-Demo-Classifier-v1,0.86,Synthetic explanation for software testing only; clinician review is required.
P01050,Common Cold,routine_review,MediSense-Demo-Classifier-v1,0.75,Synthetic explanation for software testing only; clinician review is required.
P01051,Acid Reflux,priority_review,MediSense-Demo-Classifier-v1,0.65,Synthetic explanation for software testing only; clinician review is required.
P01052,Migraine,routine_review,MediSense-Demo-Classifier-v1,0.94,Synthetic explanation for software testing only; clinician review is required.
P01053,Seasonal Allergy,routine_review,MediSense-Demo-Classifier-v1,0.68,Synthetic explanation for software testing only; clinician review is required.
P01054,Acid Reflux,routine_review,MediSense-Demo-Classifier-v1,0.94,Synthetic explanation for software testing only; clinician review is required.
P01055,Viral Fever,priority_review,MediSense-Demo-Classifier-v1,0.66,Synthetic explanation for software testing only; clinician review is required.
P01056,Common Cold,priority_review,MediSense-Demo-Classifier-v1,0.71,Synthetic explanation for software testing only; clinician review is required.
P01057,Common Cold,priority_review,MediSense-Demo-Classifier-v1,0.93,Synthetic explanation for software testing only; clinician review is required.
P01058,Common Cold,routine_review,MediSense-Demo-Classifier-v1,0.84,Synthetic explanation for software testing only; clinician review is required.
P01059,Asthma Exacerbation,urgent_review,MediSense-Demo-Classifier-v1,0.68,Synthetic explanation for software testing only; clinician review is required.
P01060,Common Cold,routine_review,MediSense-Demo-Classifier-v1,0.82,Synthetic explanation for software testing only; clinician review is required.
P01061,Acid Reflux,priority_review,MediSense-Demo-Classifier-v1,0.68,Synthetic explanation for software testing only; clinician review is required.
P01062,Acid Reflux,routine_review,MediSense-Demo-Classifier-v1,0.92,Synthetic explanation for software testing only; clinician review is required.
P01063,Urinary Tract Infection,priority_review,MediSense-Demo-Classifier-v1,0.64,Synthetic explanation for software testing only; clinician review is required.
P01064,Asthma Exacerbation,urgent_review,MediSense-Demo-Classifier-v1,0.8,Synthetic explanation for software testing only; clinician review is required.
P01065,Migraine,routine_review,MediSense-Demo-Classifier-v1,0.64,Synthetic explanation for software testing only; clinician review is required.
P01066,Common Cold,routine_review,MediSense-Demo-Classifier-v1,0.86,Synthetic explanation for software testing only; clinician review is required.
P01067,Viral Fever,routine_review,MediSense-Demo-Classifier-v1,0.94,Synthetic explanation for software testing only; clinician review is required.
P01068,Common Cold,routine_review,MediSense-Demo-Classifier-v1,0.9,Synthetic explanation for software testing only; clinician review is required.
P01069,Common Cold,routine_review,MediSense-Demo-Classifier-v1,0.75,Synthetic explanation for software testing only; clinician review is required.
P01070,Migraine,priority_review,MediSense-Demo-Classifier-v1,0.7,Synthetic explanation for software testing only; clinician review is required.
P01071,Common Cold,priority_review,MediSense-Demo-Classifier-v1,0.66,Synthetic explanation for software testing only; clinician review is required.
P01072,Gastroenteritis,routine_review,MediSense-Demo-Classifier-v1,0.92,Synthetic explanation for software testing only; clinician review is required.
P01073,Viral Fever,priority_review,MediSense-Demo-Classifier-v1,0.65,Synthetic explanation for software testing only; clinician review is required.
P01074,Hypertension,priority_review,MediSense-Demo-Classifier-v1,0.83,Synthetic explanation for software testing only; clinician review is required.
P01075,Asthma Exacerbation,urgent_review,MediSense-Demo-Classifier-v1,0.74,Synthetic explanation for software testing only; clinician review is required.
P01076,Hypertension,routine_review,MediSense-Demo-Classifier-v1,0.96,Synthetic explanation for software testing only; clinician review is required.
P01077,Gastroenteritis,routine_review,MediSense-Demo-Classifier-v1,0.79,Synthetic explanation for software testing only; clinician review is required.
P01078,Hypertension,priority_review,MediSense-Demo-Classifier-v1,0.81,Synthetic explanation for software testing only; clinician review is required.
P01079,Urinary Tract Infection,priority_review,MediSense-Demo-Classifier-v1,0.93,Synthetic explanation for software testing only; clinician review is required.
P01080,Seasonal Allergy,routine_review,MediSense-Demo-Classifier-v1,0.95,Synthetic explanation for software testing only; clinician review is required.
P01081,Acid Reflux,routine_review,MediSense-Demo-Classifier-v1,0.82,Synthetic explanation for software testing only; clinician review is required.
P01082,Migraine,routine_review,MediSense-Demo-Classifier-v1,0.89,Synthetic explanation for software testing only; clinician review is required.
P01083,Common Cold,routine_review,MediSense-Demo-Classifier-v1,0.84,Synthetic explanation for software testing only; clinician review is required.
P01084,Seasonal Allergy,routine_review,MediSense-Demo-Classifier-v1,0.77,Synthetic explanation for software testing only; clinician review is required.
P01085,Migraine,routine_review,MediSense-Demo-Classifier-v1,0.64,Synthetic explanation for software testing only; clinician review is required.
P01086,Migraine,routine_review,MediSense-Demo-Classifier-v1,0.86,Synthetic explanation for software testing only; clinician review is required.
P01087,Urinary Tract Infection,routine_review,MediSense-Demo-Classifier-v1,0.86,Synthetic explanation for software testing only; clinician review is required.
P01088,Type 2 Diabetes,routine_review,MediSense-Demo-Classifier-v1,0.66,Synthetic explanation for software testing only; clinician review is required.
P01089,Migraine,routine_review,MediSense-Demo-Classifier-v1,0.7,Synthetic explanation for software testing only; clinician review is required.
P01090,Urinary Tract Infection,priority_review,MediSense-Demo-Classifier-v1,0.87,Synthetic explanation for software testing only; clinician review is required.
P01091,Migraine,routine_review,MediSense-Demo-Classifier-v1,0.67,Synthetic explanation for software testing only; clinician review is required.
P01092,Hypertension,routine_review,MediSense-Demo-Classifier-v1,0.85,Synthetic explanation for software testing only; clinician review is required.
P01093,Common Cold,routine_review,MediSense-Demo-Classifier-v1,0.86,Synthetic explanation for software testing only; clinician review is required.
P01094,Common Cold,routine_review,MediSense-Demo-Classifier-v1,0.74,Synthetic explanation for software testing only; clinician review is required.
P01095,Urinary Tract Infection,routine_review,MediSense-Demo-Classifier-v1,0.71,Synthetic explanation for software testing only; clinician review is required.
P01096,Viral Fever,routine_review,MediSense-Demo-Classifier-v1,0.75,Synthetic explanation for software testing only; clinician review is required.
P01097,Hypertension,priority_review,MediSense-Demo-Classifier-v1,0.74,Synthetic explanation for software testing only; clinician review is required.
P01098,Asthma Exacerbation,urgent_review,MediSense-Demo-Classifier-v1,0.83,Synthetic explanation for software testing only; clinician review is required.
P01099,Hypertension,routine_review,MediSense-Demo-Classifier-v1,0.87,Synthetic explanation for software testing only; clinician review is required.
P01100,Gastroenteritis,routine_review,MediSense-Demo-Classifier-v1,0.91,Synthetic explanation for software testing only; clinician review is required.
P01101,Common Cold,priority_review,MediSense-Demo-Classifier-v1,0.63,Synthetic explanation for software testing only; clinician review is required.
P01102,Common Cold,routine_review,MediSense-Demo-Classifier-v1,0.87,Synthetic explanation for software testing only; clinician review is required.
P01103,Common Cold,routine_review,MediSense-Demo-Classifier-v1,0.73,Synthetic explanation for software testing only; clinician review is required.
P01104,Migraine,routine_review,MediSense-Demo-Classifier-v1,0.91,Synthetic explanation for software testing only; clinician review is required.
P01105,Urinary Tract Infection,routine_review,MediSense-Demo-Classifier-v1,0.65,Synthetic explanation for software testing only; clinician review is required.
P01106,Migraine,priority_review,MediSense-Demo-Classifier-v1,0.81,Synthetic explanation for software testing only; clinician review is required.
P01107,Asthma Exacerbation,urgent_review,MediSense-Demo-Classifier-v1,0.81,Synthetic explanation for software testing only; clinician review is required.
P01108,Urinary Tract Infection,routine_review,MediSense-Demo-Classifier-v1,0.73,Synthetic explanation for software testing only; clinician review is required.
P01109,Viral Fever,routine_review,MediSense-Demo-Classifier-v1,0.95,Synthetic explanation for software testing only; clinician review is required.
P01110,Viral Fever,routine_review,MediSense-Demo-Classifier-v1,0.66,Synthetic explanation for software testing only; clinician review is required.
P01111,Migraine,routine_review,MediSense-Demo-Classifier-v1,0.67,Synthetic explanation for software testing only; clinician review is required.
P01112,Migraine,routine_review,MediSense-Demo-Classifier-v1,0.84,Synthetic explanation for software testing only; clinician review is required.
P01113,Asthma Exacerbation,urgent_review,MediSense-Demo-Classifier-v1,0.79,Synthetic explanation for software testing only; clinician review is required.
P01114,Asthma Exacerbation,urgent_review,MediSense-Demo-Classifier-v1,0.71,Synthetic explanation for software testing only; clinician review is required.
P01115,Migraine,routine_review,MediSense-Demo-Classifier-v1,0.72,Synthetic explanation for software testing only; clinician review is required.
P01116,Migraine,routine_review,MediSense-Demo-Classifier-v1,0.67,Synthetic explanation for software testing only; clinician review is required.
P01117,Viral Fever,priority_review,MediSense-Demo-Classifier-v1,0.92,Synthetic explanation for software testing only; clinician review is required.
P01118,Viral Fever,priority_review,MediSense-Demo-Classifier-v1,0.81,Synthetic explanation for software testing only; clinician review is required.
P01119,Common Cold,routine_review,MediSense-Demo-Classifier-v1,0.7,Synthetic explanation for software testing only; clinician review is required.
P01120,Gastroenteritis,routine_review,MediSense-Demo-Classifier-v1,0.75,Synthetic explanation for software testing only; clinician review is required.
P01121,Type 2 Diabetes,routine_review,MediSense-Demo-Classifier-v1,0.93,Synthetic explanation for software testing only; clinician review is required.
P01122,Common Cold,routine_review,MediSense-Demo-Classifier-v1,0.92,Synthetic explanation for software testing only; clinician review is required.
P01123,Type 2 Diabetes,priority_review,MediSense-Demo-Classifier-v1,0.64,Synthetic explanation for software testing only; clinician review is required.
P01124,Common Cold,routine_review,MediSense-Demo-Classifier-v1,0.84,Synthetic explanation for software testing only; clinician review is required.
P01125,Urinary Tract Infection,routine_review,MediSense-Demo-Classifier-v1,0.67,Synthetic explanation for software testing only; clinician review is required.
P01126,Gastroenteritis,routine_review,MediSense-Demo-Classifier-v1,0.69,Synthetic explanation for software testing only; clinician review is required.
P01127,Common Cold,routine_review,MediSense-Demo-Classifier-v1,0.91,Synthetic explanation for software testing only; clinician review is required.
P01128,Type 2 Diabetes,priority_review,MediSense-Demo-Classifier-v1,0.92,Synthetic explanation for software testing only; clinician review is required.
P01129,Gastroenteritis,routine_review,MediSense-Demo-Classifier-v1,0.65,Synthetic explanation for software testing only; clinician review is required.
P01130,Acid Reflux,routine_review,MediSense-Demo-Classifier-v1,0.92,Synthetic explanation for software testing only; clinician review is required.
P01131,Migraine,routine_review,MediSense-Demo-Classifier-v1,0.87,Synthetic explanation for software testing only; clinician review is required.
P01132,Type 2 Diabetes,routine_review,MediSense-Demo-Classifier-v1,0.88,Synthetic explanation for software testing only; clinician review is required.
P01133,Type 2 Diabetes,routine_review,MediSense-Demo-Classifier-v1,0.89,Synthetic explanation for software testing only; clinician review is required.
P01134,Asthma Exacerbation,urgent_review,MediSense-Demo-Classifier-v1,0.79,Synthetic explanation for software testing only; clinician review is required.
P01135,Seasonal Allergy,priority_review,MediSense-Demo-Classifier-v1,0.94,Synthetic explanation for software testing only; clinician review is required.
P01136,Viral Fever,routine_review,MediSense-Demo-Classifier-v1,0.69,Synthetic explanation for software testing only; clinician review is required.
P01137,Urinary Tract Infection,routine_review,MediSense-Demo-Classifier-v1,0.79,Synthetic explanation for software testing only; clinician review is required.
P01138,Acid Reflux,priority_review,MediSense-Demo-Classifier-v1,0.73,Synthetic explanation for software testing only; clinician review is required.
P01139,Gastroenteritis,routine_review,MediSense-Demo-Classifier-v1,0.9,Synthetic explanation for software testing only; clinician review is required.
P01140,Seasonal Allergy,routine_review,MediSense-Demo-Classifier-v1,0.65,Synthetic explanation for software testing only; clinician review is required.
P01141,Common Cold,routine_review,MediSense-Demo-Classifier-v1,0.77,Synthetic explanation for software testing only; clinician review is required.
P01142,Viral Fever,priority_review,MediSense-Demo-Classifier-v1,0.88,Synthetic explanation for software testing only; clinician review is required.
P01143,Acid Reflux,priority_review,MediSense-Demo-Classifier-v1,0.73,Synthetic explanation for software testing only; clinician review is required.
P01144,Common Cold,routine_review,MediSense-Demo-Classifier-v1,0.7,Synthetic explanation for software testing only; clinician review is required.
P01145,Viral Fever,routine_review,MediSense-Demo-Classifier-v1,0.71,Synthetic explanation for software testing only; clinician review is required.
P01146,Type 2 Diabetes,routine_review,MediSense-Demo-Classifier-v1,0.86,Synthetic explanation for software testing only; clinician review is required.
P01147,Common Cold,routine_review,MediSense-Demo-Classifier-v1,0.72,Synthetic explanation for software testing only; clinician review is required.
P01148,Common Cold,routine_review,MediSense-Demo-Classifier-v1,0.76,Synthetic explanation for software testing only; clinician review is required.
P01149,Viral Fever,priority_review,MediSense-Demo-Classifier-v1,0.81,Synthetic explanation for software testing only; clinician review is required.
P01150,Viral Fever,routine_review,MediSense-Demo-Classifier-v1,0.94,Synthetic explanation for software testing only; clinician review is required.
P01151,Common Cold,priority_review,MediSense-Demo-Classifier-v1,0.89,Synthetic explanation for software testing only; clinician review is required.
P01152,Hypertension,routine_review,MediSense-Demo-Classifier-v1,0.68,Synthetic explanation for software testing only; clinician review is required.
P01153,Urinary Tract Infection,routine_review,MediSense-Demo-Classifier-v1,0.92,Synthetic explanation for software testing only; clinician review is required.
P01154,Type 2 Diabetes,routine_review,MediSense-Demo-Classifier-v1,0.91,Synthetic explanation for software testing only; clinician review is required.
P01155,Type 2 Diabetes,routine_review,MediSense-Demo-Classifier-v1,0.87,Synthetic explanation for software testing only; clinician review is required.
P01156,Hypertension,priority_review,MediSense-Demo-Classifier-v1,0.8,Synthetic explanation for software testing only; clinician review is required.
P01157,Urinary Tract Infection,routine_review,MediSense-Demo-Classifier-v1,0.64,Synthetic explanation for software testing only; clinician review is required.
P01158,Seasonal Allergy,priority_review,MediSense-Demo-Classifier-v1,0.86,Synthetic explanation for software testing only; clinician review is required.
P01159,Urinary Tract Infection,routine_review,MediSense-Demo-Classifier-v1,0.8,Synthetic explanation for software testing only; clinician review is required.
P01160,Common Cold,priority_review,MediSense-Demo-Classifier-v1,0.73,Synthetic explanation for software testing only; clinician review is required.
P01161,Viral Fever,priority_review,MediSense-Demo-Classifier-v1,0.62,Synthetic explanation for software testing only; clinician review is required.
P01162,Common Cold,routine_review,MediSense-Demo-Classifier-v1,0.7,Synthetic explanation for software testing only; clinician review is required.
P01163,Urinary Tract Infection,routine_review,MediSense-Demo-Classifier-v1,0.83,Synthetic explanation for software testing only; clinician review is required.
P01164,Common Cold,priority_review,MediSense-Demo-Classifier-v1,0.66,Synthetic explanation for software testing only; clinician review is required.
P01165,Migraine,routine_review,MediSense-Demo-Classifier-v1,0.84,Synthetic explanation for software testing only; clinician review is required.
P01166,Seasonal Allergy,routine_review,MediSense-Demo-Classifier-v1,0.9,Synthetic explanation for software testing only; clinician review is required.
P01167,Viral Fever,priority_review,MediSense-Demo-Classifier-v1,0.73,Synthetic explanation for software testing only; clinician review is required.
P01168,Hypertension,routine_review,MediSense-Demo-Classifier-v1,0.65,Synthetic explanation for software testing only; clinician review is required.
P01169,Common Cold,routine_review,MediSense-Demo-Classifier-v1,0.67,Synthetic explanation for software testing only; clinician review is required.
P01170,Type 2 Diabetes,priority_review,MediSense-Demo-Classifier-v1,0.74,Synthetic explanation for software testing only; clinician review is required.
P01171,Type 2 Diabetes,routine_review,MediSense-Demo-Classifier-v1,0.9,Synthetic explanation for software testing only; clinician review is required.
P01172,Migraine,routine_review,MediSense-Demo-Classifier-v1,0.84,Synthetic explanation for software testing only; clinician review is required.
P01173,Viral Fever,routine_review,MediSense-Demo-Classifier-v1,0.92,Synthetic explanation for software testing only; clinician review is required.
P01174,Gastroenteritis,routine_review,MediSense-Demo-Classifier-v1,0.96,Synthetic explanation for software testing only; clinician review is required.
P01175,Common Cold,priority_review,MediSense-Demo-Classifier-v1,0.69,Synthetic explanation for software testing only; clinician review is required.
P01176,Urinary Tract Infection,urgent_review,MediSense-Demo-Classifier-v1,0.86,Synthetic explanation for software testing only; clinician review is required.
P01177,Common Cold,routine_review,MediSense-Demo-Classifier-v1,0.78,Synthetic explanation for software testing only; clinician review is required.
P01178,Type 2 Diabetes,routine_review,MediSense-Demo-Classifier-v1,0.79,Synthetic explanation for software testing only; clinician review is required.
P01179,Type 2 Diabetes,routine_review,MediSense-Demo-Classifier-v1,0.73,Synthetic explanation for software testing only; clinician review is required.
P01180,Hypertension,priority_review,MediSense-Demo-Classifier-v1,0.74,Synthetic explanation for software testing only; clinician review is required.
P01181,Asthma Exacerbation,urgent_review,MediSense-Demo-Classifier-v1,0.85,Synthetic explanation for software testing only; clinician review is required.
P01182,Asthma Exacerbation,urgent_review,MediSense-Demo-Classifier-v1,0.83,Synthetic explanation for software testing only; clinician review is required.
P01183,Acid Reflux,routine_review,MediSense-Demo-Classifier-v1,0.73,Synthetic explanation for software testing only; clinician review is required.
P01184,Seasonal Allergy,routine_review,MediSense-Demo-Classifier-v1,0.66,Synthetic explanation for software testing only; clinician review is required.
P01185,Common Cold,routine_review,MediSense-Demo-Classifier-v1,0.82,Synthetic explanation for software testing only; clinician review is required.
P01186,Asthma Exacerbation,urgent_review,MediSense-Demo-Classifier-v1,0.87,Synthetic explanation for software testing only; clinician review is required.
P01187,Migraine,routine_review,MediSense-Demo-Classifier-v1,0.81,Synthetic explanation for software testing only; clinician review is required.
P01188,Migraine,routine_review,MediSense-Demo-Classifier-v1,0.62,Synthetic explanation for software testing only; clinician review is required.
P01189,Common Cold,routine_review,MediSense-Demo-Classifier-v1,0.72,Synthetic explanation for software testing only; clinician review is required.
P01190,Asthma Exacerbation,urgent_review,MediSense-Demo-Classifier-v1,0.88,Synthetic explanation for software testing only; clinician review is required.
P01191,Seasonal Allergy,routine_review,MediSense-Demo-Classifier-v1,0.87,Synthetic explanation for software testing only; clinician review is required.
P01192,Seasonal Allergy,priority_review,MediSense-Demo-Classifier-v1,0.62,Synthetic explanation for software testing only; clinician review is required.
P01193,Common Cold,priority_review,MediSense-Demo-Classifier-v1,0.78,Synthetic explanation for software testing only; clinician review is required.
P01194,Migraine,routine_review,MediSense-Demo-Classifier-v1,0.77,Synthetic explanation for software testing only; clinician review is required.
P01195,Type 2 Diabetes,routine_review,MediSense-Demo-Classifier-v1,0.84,Synthetic explanation for software testing only; clinician review is required.
P01196,Migraine,priority_review,MediSense-Demo-Classifier-v1,0.66,Synthetic explanation for software testing only; clinician review is required.
P01197,Viral Fever,routine_review,MediSense-Demo-Classifier-v1,0.83,Synthetic explanation for software testing only; clinician review is required.
P01198,Viral Fever,routine_review,MediSense-Demo-Classifier-v1,0.94,Synthetic explanation for software testing only; clinician review is required.
P01199,Migraine,routine_review,MediSense-Demo-Classifier-v1,0.75,Synthetic explanation for software testing only; clinician review is required.
P01200,Hypertension,priority_review,MediSense-Demo-Classifier-v1,0.73,Synthetic explanation for software testing only; clinician review is required.
P01201,Viral Fever,routine_review,MediSense-Demo-Classifier-v1,0.63,Synthetic explanation for software testing only; clinician review is required.
P01202,Asthma Exacerbation,urgent_review,MediSense-Demo-Classifier-v1,0.64,Synthetic explanation for software testing only; clinician review is required.
P01203,Common Cold,priority_review,MediSense-Demo-Classifier-v1,0.94,Synthetic explanation for software testing only; clinician review is required.
P01204,Common Cold,routine_review,MediSense-Demo-Classifier-v1,0.95,Synthetic explanation for software testing only; clinician review is required.
P01205,Acid Reflux,priority_review,MediSense-Demo-Classifier-v1,0.62,Synthetic explanation for software testing only; clinician review is required.
P01206,Hypertension,routine_review,MediSense-Demo-Classifier-v1,0.93,Synthetic explanation for software testing only; clinician review is required.
P01207,Acid Reflux,routine_review,MediSense-Demo-Classifier-v1,0.68,Synthetic explanation for software testing only; clinician review is required.
P01208,Type 2 Diabetes,routine_review,MediSense-Demo-Classifier-v1,0.81,Synthetic explanation for software testing only; clinician review is required.
P01209,Common Cold,routine_review,MediSense-Demo-Classifier-v1,0.85,Synthetic explanation for software testing only; clinician review is required.
P01210,Hypertension,priority_review,MediSense-Demo-Classifier-v1,0.74,Synthetic explanation for software testing only; clinician review is required.
P01211,Gastroenteritis,routine_review,MediSense-Demo-Classifier-v1,0.8,Synthetic explanation for software testing only; clinician review is required.
P01212,Hypertension,routine_review,MediSense-Demo-Classifier-v1,0.83,Synthetic explanation for software testing only; clinician review is required.
P01213,Common Cold,priority_review,MediSense-Demo-Classifier-v1,0.69,Synthetic explanation for software testing only; clinician review is required.
P01214,Migraine,priority_review,MediSense-Demo-Classifier-v1,0.96,Synthetic explanation for software testing only; clinician review is required.
P01215,Viral Fever,routine_review,MediSense-Demo-Classifier-v1,0.69,Synthetic explanation for software testing only; clinician review is required.
P01216,Hypertension,routine_review,MediSense-Demo-Classifier-v1,0.62,Synthetic explanation for software testing only; clinician review is required.
P01217,Asthma Exacerbation,urgent_review,MediSense-Demo-Classifier-v1,0.94,Synthetic explanation for software testing only; clinician review is required.
P01218,Migraine,routine_review,MediSense-Demo-Classifier-v1,0.77,Synthetic explanation for software testing only; clinician review is required.
P01219,Migraine,routine_review,MediSense-Demo-Classifier-v1,0.76,Synthetic explanation for software testing only; clinician review is required.
P01220,Acid Reflux,priority_review,MediSense-Demo-Classifier-v1,0.71,Synthetic explanation for software testing only; clinician review is required.
P01221,Gastroenteritis,routine_review,MediSense-Demo-Classifier-v1,0.63,Synthetic explanation for software testing only; clinician review is required.
P01222,Gastroenteritis,routine_review,MediSense-Demo-Classifier-v1,0.71,Synthetic explanation for software testing only; clinician review is required.
P01223,Asthma Exacerbation,urgent_review,MediSense-Demo-Classifier-v1,0.75,Synthetic explanation for software testing only; clinician review is required.
P01224,Gastroenteritis,routine_review,MediSense-Demo-Classifier-v1,0.8,Synthetic explanation for software testing only; clinician review is required.
P01225,Asthma Exacerbation,urgent_review,MediSense-Demo-Classifier-v1,0.78,Synthetic explanation for software testing only; clinician review is required.
P01226,Gastroenteritis,routine_review,MediSense-Demo-Classifier-v1,0.92,Synthetic explanation for software testing only; clinician review is required.
P01227,Hypertension,priority_review,MediSense-Demo-Classifier-v1,0.93,Synthetic explanation for software testing only; clinician review is required.
P01228,Type 2 Diabetes,priority_review,MediSense-Demo-Classifier-v1,0.73,Synthetic explanation for software testing only; clinician review is required.
P01229,Acid Reflux,priority_review,MediSense-Demo-Classifier-v1,0.95,Synthetic explanation for software testing only; clinician review is required.
P01230,Asthma Exacerbation,urgent_review,MediSense-Demo-Classifier-v1,0.91,Synthetic explanation for software testing only; clinician review is required.
P01231,Gastroenteritis,routine_review,MediSense-Demo-Classifier-v1,0.94,Synthetic explanation for software testing only; clinician review is required.
P01232,Viral Fever,routine_review,MediSense-Demo-Classifier-v1,0.86,Synthetic explanation for software testing only; clinician review is required.
P01233,Hypertension,routine_review,MediSense-Demo-Classifier-v1,0.69,Synthetic explanation for software testing only; clinician review is required.
P01234,Asthma Exacerbation,urgent_review,MediSense-Demo-Classifier-v1,0.69,Synthetic explanation for software testing only; clinician review is required.
P01235,Viral Fever,routine_review,MediSense-Demo-Classifier-v1,0.93,Synthetic explanation for software testing only; clinician review is required.
P01236,Viral Fever,routine_review,MediSense-Demo-Classifier-v1,0.79,Synthetic explanation for software testing only; clinician review is required.
P01237,Viral Fever,routine_review,MediSense-Demo-Classifier-v1,0.92,Synthetic explanation for software testing only; clinician review is required.
P01238,Viral Fever,routine_review,MediSense-Demo-Classifier-v1,0.86,Synthetic explanation for software testing only; clinician review is required.
P01239,Seasonal Allergy,routine_review,MediSense-Demo-Classifier-v1,0.69,Synthetic explanation for software testing only; clinician review is required.
P01240,Urinary Tract Infection,routine_review,MediSense-Demo-Classifier-v1,0.75,Synthetic explanation for software testing only; clinician review is required.
P01241,Asthma Exacerbation,urgent_review,MediSense-Demo-Classifier-v1,0.95,Synthetic explanation for software testing only; clinician review is required.
P01242,Common Cold,routine_review,MediSense-Demo-Classifier-v1,0.63,Synthetic explanation for software testing only; clinician review is required.
P01243,Type 2 Diabetes,priority_review,MediSense-Demo-Classifier-v1,0.86,Synthetic explanation for software testing only; clinician review is required.
P01244,Asthma Exacerbation,urgent_review,MediSense-Demo-Classifier-v1,0.95,Synthetic explanation for software testing only; clinician review is required.
P01245,Common Cold,routine_review,MediSense-Demo-Classifier-v1,0.66,Synthetic explanation for software testing only; clinician review is required.
P01246,Hypertension,routine_review,MediSense-Demo-Classifier-v1,0.71,Synthetic explanation for software testing only; clinician review is required.
P01247,Viral Fever,routine_review,MediSense-Demo-Classifier-v1,0.81,Synthetic explanation for software testing only; clinician review is required.
P01248,Viral Fever,routine_review,MediSense-Demo-Classifier-v1,0.91,Synthetic explanation for software testing only; clinician review is required.
P01249,Gastroenteritis,priority_review,MediSense-Demo-Classifier-v1,0.79,Synthetic explanation for software testing only; clinician review is required.
P01250,Type 2 Diabetes,routine_review,MediSense-Demo-Classifier-v1,0.64,Synthetic explanation for software testing only; clinician review is required.
P01251,Gastroenteritis,routine_review,MediSense-Demo-Classifier-v1,0.66,Synthetic explanation for software testing only; clinician review is required.
P01252,Asthma Exacerbation,urgent_review,MediSense-Demo-Classifier-v1,0.75,Synthetic explanation for software testing only; clinician review is required.
P01253,Common Cold,routine_review,MediSense-Demo-Classifier-v1,0.73,Synthetic explanation for software testing only; clinician review is required.
P01254,Viral Fever,routine_review,MediSense-Demo-Classifier-v1,0.69,Synthetic explanation for software testing only; clinician review is required.
P01255,Viral Fever,routine_review,MediSense-Demo-Classifier-v1,0.91,Synthetic explanation for software testing only; clinician review is required.
P01256,Asthma Exacerbation,urgent_review,MediSense-Demo-Classifier-v1,0.63,Synthetic explanation for software testing only; clinician review is required.
P01257,Urinary Tract Infection,routine_review,MediSense-Demo-Classifier-v1,0.9,Synthetic explanation for software testing only; clinician review is required.
P01258,Hypertension,priority_review,MediSense-Demo-Classifier-v1,0.93,Synthetic explanation for software testing only; clinician review is required.
P01259,Viral Fever,routine_review,MediSense-Demo-Classifier-v1,0.83,Synthetic explanation for software testing only; clinician review is required.
P01260,Migraine,routine_review,MediSense-Demo-Classifier-v1,0.83,Synthetic explanation for software testing only; clinician review is required.
P01261,Acid Reflux,priority_review,MediSense-Demo-Classifier-v1,0.67,Synthetic explanation for software testing only; clinician review is required.
P01262,Viral Fever,routine_review,MediSense-Demo-Classifier-v1,0.81,Synthetic explanation for software testing only; clinician review is required.
P01263,Acid Reflux,urgent_review,MediSense-Demo-Classifier-v1,0.75,Synthetic explanation for software testing only; clinician review is required.
P01264,Acid Reflux,routine_review,MediSense-Demo-Classifier-v1,0.7,Synthetic explanation for software testing only; clinician review is required.
P01265,Type 2 Diabetes,routine_review,MediSense-Demo-Classifier-v1,0.82,Synthetic explanation for software testing only; clinician review is required.
P01266,Viral Fever,routine_review,MediSense-Demo-Classifier-v1,0.62,Synthetic explanation for software testing only; clinician review is required.
P01267,Asthma Exacerbation,urgent_review,MediSense-Demo-Classifier-v1,0.71,Synthetic explanation for software testing only; clinician review is required.
P01268,Seasonal Allergy,routine_review,MediSense-Demo-Classifier-v1,0.84,Synthetic explanation for software testing only; clinician review is required.
P01269,Urinary Tract Infection,routine_review,MediSense-Demo-Classifier-v1,0.77,Synthetic explanation for software testing only; clinician review is required.
P01270,Hypertension,priority_review,MediSense-Demo-Classifier-v1,0.67,Synthetic explanation for software testing only; clinician review is required.
P01271,Urinary Tract Infection,routine_review,MediSense-Demo-Classifier-v1,0.62,Synthetic explanation for software testing only; clinician review is required.
P01272,Type 2 Diabetes,priority_review,MediSense-Demo-Classifier-v1,0.71,Synthetic explanation for software testing only; clinician review is required.
P01273,Common Cold,routine_review,MediSense-Demo-Classifier-v1,0.81,Synthetic explanation for software testing only; clinician review is required.
P01274,Gastroenteritis,routine_review,MediSense-Demo-Classifier-v1,0.8,Synthetic explanation for software testing only; clinician review is required.
P01275,Urinary Tract Infection,routine_review,MediSense-Demo-Classifier-v1,0.66,Synthetic explanation for software testing only; clinician review is required.
P01276,Gastroenteritis,routine_review,MediSense-Demo-Classifier-v1,0.83,Synthetic explanation for software testing only; clinician review is required.
P01277,Common Cold,priority_review,MediSense-Demo-Classifier-v1,0.96,Synthetic explanation for software testing only; clinician review is required.
P01278,Common Cold,routine_review,MediSense-Demo-Classifier-v1,0.82,Synthetic explanation for software testing only; clinician review is required.
P01279,Hypertension,routine_review,MediSense-Demo-Classifier-v1,0.8,Synthetic explanation for software testing only; clinician review is required.
P01280,Urinary Tract Infection,routine_review,MediSense-Demo-Classifier-v1,0.83,Synthetic explanation for software testing only; clinician review is required.
P01281,Common Cold,routine_review,MediSense-Demo-Classifier-v1,0.92,Synthetic explanation for software testing only; clinician review is required.
P01282,Common Cold,routine_review,MediSense-Demo-Classifier-v1,0.94,Synthetic explanation for software testing only; clinician review is required.
P01283,Urinary Tract Infection,routine_review,MediSense-Demo-Classifier-v1,0.63,Synthetic explanation for software testing only; clinician review is required.
P01284,Common Cold,routine_review,MediSense-Demo-Classifier-v1,0.69,Synthetic explanation for software testing only; clinician review is required.
P01285,Viral Fever,routine_review,MediSense-Demo-Classifier-v1,0.66,Synthetic explanation for software testing only; clinician review is required.
P01286,Hypertension,routine_review,MediSense-Demo-Classifier-v1,0.88,Synthetic explanation for software testing only; clinician review is required.
P01287,Seasonal Allergy,routine_review,MediSense-Demo-Classifier-v1,0.64,Synthetic explanation for software testing only; clinician review is required.
P01288,Asthma Exacerbation,urgent_review,MediSense-Demo-Classifier-v1,0.93,Synthetic explanation for software testing only; clinician review is required.
P01289,Common Cold,routine_review,MediSense-Demo-Classifier-v1,0.63,Synthetic explanation for software testing only; clinician review is required.
P01290,Migraine,routine_review,MediSense-Demo-Classifier-v1,0.82,Synthetic explanation for software testing only; clinician review is required.
P01291,Type 2 Diabetes,routine_review,MediSense-Demo-Classifier-v1,0.71,Synthetic explanation for software testing only; clinician review is required.
P01292,Urinary Tract Infection,routine_review,MediSense-Demo-Classifier-v1,0.78,Synthetic explanation for software testing only; clinician review is required.
P01293,Type 2 Diabetes,routine_review,MediSense-Demo-Classifier-v1,0.77,Synthetic explanation for software testing only; clinician review is required.
P01294,Seasonal Allergy,routine_review,MediSense-Demo-Classifier-v1,0.87,Synthetic explanation for software testing only; clinician review is required.
P01295,Migraine,routine_review,MediSense-Demo-Classifier-v1,0.79,Synthetic explanation for software testing only; clinician review is required.
P01296,Urinary Tract Infection,routine_review,MediSense-Demo-Classifier-v1,0.76,Synthetic explanation for software testing only; clinician review is required.
P01297,Urinary Tract Infection,routine_review,MediSense-Demo-Classifier-v1,0.87,Synthetic explanation for software testing only; clinician review is required.
P01298,Acid Reflux,routine_review,MediSense-Demo-Classifier-v1,0.93,Synthetic explanation for software testing only; clinician review is required.
P01299,Common Cold,priority_review,MediSense-Demo-Classifier-v1,0.89,Synthetic explanation for software testing only; clinician review is required.
P01300,Type 2 Diabetes,priority_review,MediSense-Demo-Classifier-v1,0.87,Synthetic explanation for software testing only; clinician review is required.
P01301,Type 2 Diabetes,routine_review,MediSense-Demo-Classifier-v1,0.79,Synthetic explanation for software testing only; clinician review is required.
P01302,Asthma Exacerbation,urgent_review,MediSense-Demo-Classifier-v1,0.93,Synthetic explanation for software testing only; clinician review is required.
P01303,Migraine,routine_review,MediSense-Demo-Classifier-v1,0.79,Synthetic explanation for software testing only; clinician review is required.
P01304,Urinary Tract Infection,routine_review,MediSense-Demo-Classifier-v1,0.94,Synthetic explanation for software testing only; clinician review is required.
P01305,Migraine,routine_review,MediSense-Demo-Classifier-v1,0.89,Synthetic explanation for software testing only; clinician review is required.
P01306,Hypertension,routine_review,MediSense-Demo-Classifier-v1,0.67,Synthetic explanation for software testing only; clinician review is required.
P01307,Urinary Tract Infection,routine_review,MediSense-Demo-Classifier-v1,0.64,Synthetic explanation for software testing only; clinician review is required.
P01308,Type 2 Diabetes,routine_review,MediSense-Demo-Classifier-v1,0.87,Synthetic explanation for software testing only; clinician review is required.
P01309,Viral Fever,routine_review,MediSense-Demo-Classifier-v1,0.85,Synthetic explanation for software testing only; clinician review is required.
P01310,Urinary Tract Infection,routine_review,MediSense-Demo-Classifier-v1,0.82,Synthetic explanation for software testing only; clinician review is required.
P01311,Viral Fever,priority_review,MediSense-Demo-Classifier-v1,0.95,Synthetic explanation for software testing only; clinician review is required.
P01312,Urinary Tract Infection,routine_review,MediSense-Demo-Classifier-v1,0.81,Synthetic explanation for software testing only; clinician review is required.
P01313,Type 2 Diabetes,routine_review,MediSense-Demo-Classifier-v1,0.74,Synthetic explanation for software testing only; clinician review is required.
P01314,Seasonal Allergy,priority_review,MediSense-Demo-Classifier-v1,0.81,Synthetic explanation for software testing only; clinician review is required.
P01315,Acid Reflux,urgent_review,MediSense-Demo-Classifier-v1,0.63,Synthetic explanation for software testing only; clinician review is required.
P01316,Hypertension,routine_review,MediSense-Demo-Classifier-v1,0.82,Synthetic explanation for software testing only; clinician review is required.
P01317,Type 2 Diabetes,routine_review,MediSense-Demo-Classifier-v1,0.93,Synthetic explanation for software testing only; clinician review is required.
P01318,Urinary Tract Infection,priority_review,MediSense-Demo-Classifier-v1,0.62,Synthetic explanation for software testing only; clinician review is required.
P01319,Hypertension,routine_review,MediSense-Demo-Classifier-v1,0.91,Synthetic explanation for software testing only; clinician review is required.
P01320,Migraine,routine_review,MediSense-Demo-Classifier-v1,0.89,Synthetic explanation for software testing only; clinician review is required.
P01321,Hypertension,routine_review,MediSense-Demo-Classifier-v1,0.66,Synthetic explanation for software testing only; clinician review is required.
P01322,Common Cold,routine_review,MediSense-Demo-Classifier-v1,0.91,Synthetic explanation for software testing only; clinician review is required.
P01323,Migraine,priority_review,MediSense-Demo-Classifier-v1,0.88,Synthetic explanation for software testing only; clinician review is required.
P01324,Gastroenteritis,routine_review,MediSense-Demo-Classifier-v1,0.79,Synthetic explanation for software testing only; clinician review is required.
P01325,Migraine,routine_review,MediSense-Demo-Classifier-v1,0.7,Synthetic explanation for software testing only; clinician review is required.
P01326,Gastroenteritis,routine_review,MediSense-Demo-Classifier-v1,0.72,Synthetic explanation for software testing only; clinician review is required.
P01327,Hypertension,routine_review,MediSense-Demo-Classifier-v1,0.83,Synthetic explanation for software testing only; clinician review is required.
P01328,Seasonal Allergy,routine_review,MediSense-Demo-Classifier-v1,0.7,Synthetic explanation for software testing only; clinician review is required.
P01329,Viral Fever,priority_review,MediSense-Demo-Classifier-v1,0.73,Synthetic explanation for software testing only; clinician review is required.
P01330,Common Cold,routine_review,MediSense-Demo-Classifier-v1,0.94,Synthetic explanation for software testing only; clinician review is required.
P01331,Hypertension,priority_review,MediSense-Demo-Classifier-v1,0.87,Synthetic explanation for software testing only; clinician review is required.
P01332,Hypertension,routine_review,MediSense-Demo-Classifier-v1,0.87,Synthetic explanation for software testing only; clinician review is required.
P01333,Gastroenteritis,priority_review,MediSense-Demo-Classifier-v1,0.95,Synthetic explanation for software testing only; clinician review is required.
P01334,Viral Fever,routine_review,MediSense-Demo-Classifier-v1,0.62,Synthetic explanation for software testing only; clinician review is required.
P01335,Type 2 Diabetes,priority_review,MediSense-Demo-Classifier-v1,0.7,Synthetic explanation for software testing only; clinician review is required.
P01336,Hypertension,routine_review,MediSense-Demo-Classifier-v1,0.84,Synthetic explanation for software testing only; clinician review is required.
P01337,Gastroenteritis,routine_review,MediSense-Demo-Classifier-v1,0.77,Synthetic explanation for software testing only; clinician review is required.
P01338,Urinary Tract Infection,routine_review,MediSense-Demo-Classifier-v1,0.66,Synthetic explanation for software testing only; clinician review is required.
P01339,Hypertension,routine_review,MediSense-Demo-Classifier-v1,0.89,Synthetic explanation for software testing only; clinician review is required.
P01340,Migraine,routine_review,MediSense-Demo-Classifier-v1,0.64,Synthetic explanation for software testing only; clinician review is required.
P01341,Hypertension,routine_review,MediSense-Demo-Classifier-v1,0.8,Synthetic explanation for software testing only; clinician review is required.
P01342,Migraine,routine_review,MediSense-Demo-Classifier-v1,0.81,Synthetic explanation for software testing only; clinician review is required.
P01343,Hypertension,routine_review,MediSense-Demo-Classifier-v1,0.84,Synthetic explanation for software testing only; clinician review is required.
P01344,Common Cold,routine_review,MediSense-Demo-Classifier-v1,0.73,Synthetic explanation for software testing only; clinician review is required.
P01345,Common Cold,routine_review,MediSense-Demo-Classifier-v1,0.63,Synthetic explanation for software testing only; clinician review is required.
P01346,Acid Reflux,priority_review,MediSense-Demo-Classifier-v1,0.92,Synthetic explanation for software testing only; clinician review is required.
P01347,Type 2 Diabetes,routine_review,MediSense-Demo-Classifier-v1,0.94,Synthetic explanation for software testing only; clinician review is required.
P01348,Type 2 Diabetes,routine_review,MediSense-Demo-Classifier-v1,0.78,Synthetic explanation for software testing only; clinician review is required.
P01349,Acid Reflux,routine_review,MediSense-Demo-Classifier-v1,0.63,Synthetic explanation for software testing only; clinician review is required.
P01350,Gastroenteritis,routine_review,MediSense-Demo-Classifier-v1,0.82,Synthetic explanation for software testing only; clinician review is required.
P01351,Migraine,routine_review,MediSense-Demo-Classifier-v1,0.73,Synthetic explanation for software testing only; clinician review is required.
P01352,Common Cold,routine_review,MediSense-Demo-Classifier-v1,0.68,Synthetic explanation for software testing only; clinician review is required.
P01353,Urinary Tract Infection,routine_review,MediSense-Demo-Classifier-v1,0.68,Synthetic explanation for software testing only; clinician review is required.
P01354,Seasonal Allergy,routine_review,MediSense-Demo-Classifier-v1,0.68,Synthetic explanation for software testing only; clinician review is required.
P01355,Acid Reflux,routine_review,MediSense-Demo-Classifier-v1,0.73,Synthetic explanation for software testing only; clinician review is required.
P01356,Common Cold,routine_review,MediSense-Demo-Classifier-v1,0.72,Synthetic explanation for software testing only; clinician review is required.
P01357,Common Cold,routine_review,MediSense-Demo-Classifier-v1,0.9,Synthetic explanation for software testing only; clinician review is required.
P01358,Seasonal Allergy,routine_review,MediSense-Demo-Classifier-v1,0.79,Synthetic explanation for software testing only; clinician review is required.
P01359,Seasonal Allergy,routine_review,MediSense-Demo-Classifier-v1,0.77,Synthetic explanation for software testing only; clinician review is required.
P01360,Seasonal Allergy,routine_review,MediSense-Demo-Classifier-v1,0.67,Synthetic explanation for software testing only; clinician review is required.
P01361,Viral Fever,priority_review,MediSense-Demo-Classifier-v1,0.92,Synthetic explanation for software testing only; clinician review is required.
P01362,Migraine,routine_review,MediSense-Demo-Classifier-v1,0.64,Synthetic explanation for software testing only; clinician review is required.
P01363,Asthma Exacerbation,urgent_review,MediSense-Demo-Classifier-v1,0.7,Synthetic explanation for software testing only; clinician review is required.
P01364,Type 2 Diabetes,priority_review,MediSense-Demo-Classifier-v1,0.83,Synthetic explanation for software testing only; clinician review is required.
P01365,Asthma Exacerbation,urgent_review,MediSense-Demo-Classifier-v1,0.86,Synthetic explanation for software testing only; clinician review is required.
P01366,Viral Fever,priority_review,MediSense-Demo-Classifier-v1,0.89,Synthetic explanation for software testing only; clinician review is required.
P01367,Migraine,routine_review,MediSense-Demo-Classifier-v1,0.76,Synthetic explanation for software testing only; clinician review is required.
P01368,Common Cold,routine_review,MediSense-Demo-Classifier-v1,0.74,Synthetic explanation for software testing only; clinician review is required.
P01369,Migraine,routine_review,MediSense-Demo-Classifier-v1,0.72,Synthetic explanation for software testing only; clinician review is required.
P01370,Acid Reflux,routine_review,MediSense-Demo-Classifier-v1,0.81,Synthetic explanation for software testing only; clinician review is required.
P01371,Viral Fever,routine_review,MediSense-Demo-Classifier-v1,0.74,Synthetic explanation for software testing only; clinician review is required.
P01372,Migraine,routine_review,MediSense-Demo-Classifier-v1,0.73,Synthetic explanation for software testing only; clinician review is required.
P01373,Gastroenteritis,priority_review,MediSense-Demo-Classifier-v1,0.63,Synthetic explanation for software testing only; clinician review is required.
P01374,Hypertension,priority_review,MediSense-Demo-Classifier-v1,0.94,Synthetic explanation for software testing only; clinician review is required.
P01375,Viral Fever,routine_review,MediSense-Demo-Classifier-v1,0.64,Synthetic explanation for software testing only; clinician review is required.
P01376,Asthma Exacerbation,urgent_review,MediSense-Demo-Classifier-v1,0.71,Synthetic explanation for software testing only; clinician review is required.
P01377,Type 2 Diabetes,routine_review,MediSense-Demo-Classifier-v1,0.93,Synthetic explanation for software testing only; clinician review is required.
P01378,Viral Fever,routine_review,MediSense-Demo-Classifier-v1,0.87,Synthetic explanation for software testing only; clinician review is required.
P01379,Viral Fever,routine_review,MediSense-Demo-Classifier-v1,0.82,Synthetic explanation for software testing only; clinician review is required.
P01380,Seasonal Allergy,routine_review,MediSense-Demo-Classifier-v1,0.84,Synthetic explanation for software testing only; clinician review is required.
P01381,Common Cold,routine_review,MediSense-Demo-Classifier-v1,0.65,Synthetic explanation for software testing only; clinician review is required.
P01382,Acid Reflux,routine_review,MediSense-Demo-Classifier-v1,0.89,Synthetic explanation for software testing only; clinician review is required.
P01383,Asthma Exacerbation,urgent_review,MediSense-Demo-Classifier-v1,0.71,Synthetic explanation for software testing only; clinician review is required.
P01384,Gastroenteritis,routine_review,MediSense-Demo-Classifier-v1,0.95,Synthetic explanation for software testing only; clinician review is required.
P01385,Asthma Exacerbation,urgent_review,MediSense-Demo-Classifier-v1,0.7,Synthetic explanation for software testing only; clinician review is required.
P01386,Common Cold,priority_review,MediSense-Demo-Classifier-v1,0.83,Synthetic explanation for software testing only; clinician review is required.
P01387,Hypertension,routine_review,MediSense-Demo-Classifier-v1,0.81,Synthetic explanation for software testing only; clinician review is required.
P01388,Seasonal Allergy,priority_review,MediSense-Demo-Classifier-v1,0.67,Synthetic explanation for software testing only; clinician review is required.
P01389,Hypertension,routine_review,MediSense-Demo-Classifier-v1,0.74,Synthetic explanation for software testing only; clinician review is required.
P01390,Urinary Tract Infection,routine_review,MediSense-Demo-Classifier-v1,0.89,Synthetic explanation for software testing only; clinician review is required.
P01391,Migraine,priority_review,MediSense-Demo-Classifier-v1,0.69,Synthetic explanation for software testing only; clinician review is required.
P01392,Common Cold,routine_review,MediSense-Demo-Classifier-v1,0.95,Synthetic explanation for software testing only; clinician review is required.
P01393,Hypertension,priority_review,MediSense-Demo-Classifier-v1,0.72,Synthetic explanation for software testing only; clinician review is required.
P01394,Seasonal Allergy,routine_review,MediSense-Demo-Classifier-v1,0.83,Synthetic explanation for software testing only; clinician review is required.
P01395,Common Cold,routine_review,MediSense-Demo-Classifier-v1,0.83,Synthetic explanation for software testing only; clinician review is required.
P01396,Viral Fever,routine_review,MediSense-Demo-Classifier-v1,0.78,Synthetic explanation for software testing only; clinician review is required.
P01397,Migraine,routine_review,MediSense-Demo-Classifier-v1,0.84,Synthetic explanation for software testing only; clinician review is required.
P01398,Gastroenteritis,routine_review,MediSense-Demo-Classifier-v1,0.87,Synthetic explanation for software testing only; clinician review is required.
P01399,Seasonal Allergy,routine_review,MediSense-Demo-Classifier-v1,0.83,Synthetic explanation for software testing only; clinician review is required.
P01400,Type 2 Diabetes,routine_review,MediSense-Demo-Classifier-v1,0.81,Synthetic explanation for software testing only; clinician review is required.
P01401,Migraine,routine_review,MediSense-Demo-Classifier-v1,0.83,Synthetic explanation for software testing only; clinician review is required.
P01402,Seasonal Allergy,priority_review,MediSense-Demo-Classifier-v1,0.76,Synthetic explanation for software testing only; clinician review is required.
P01403,Migraine,routine_review,MediSense-Demo-Classifier-v1,0.64,Synthetic explanation for software testing only; clinician review is required.
P01404,Seasonal Allergy,priority_review,MediSense-Demo-Classifier-v1,0.67,Synthetic explanation for software testing only; clinician review is required.
P01405,Migraine,routine_review,MediSense-Demo-Classifier-v1,0.83,Synthetic explanation for software testing only; clinician review is required.
P01406,Common Cold,routine_review,MediSense-Demo-Classifier-v1,0.94,Synthetic explanation for software testing only; clinician review is required.
P01407,Common Cold,priority_review,MediSense-Demo-Classifier-v1,0.63,Synthetic explanation for software testing only; clinician review is required.
P01408,Gastroenteritis,routine_review,MediSense-Demo-Classifier-v1,0.8,Synthetic explanation for software testing only; clinician review is required.
P01409,Type 2 Diabetes,routine_review,MediSense-Demo-Classifier-v1,0.71,Synthetic explanation for software testing only; clinician review is required.
P01410,Common Cold,routine_review,MediSense-Demo-Classifier-v1,0.81,Synthetic explanation for software testing only; clinician review is required.
P01411,Seasonal Allergy,routine_review,MediSense-Demo-Classifier-v1,0.87,Synthetic explanation for software testing only; clinician review is required.
P01412,Type 2 Diabetes,routine_review,MediSense-Demo-Classifier-v1,0.87,Synthetic explanation for software testing only; clinician review is required.
P01413,Type 2 Diabetes,routine_review,MediSense-Demo-Classifier-v1,0.87,Synthetic explanation for software testing only; clinician review is required.
P01414,Viral Fever,routine_review,MediSense-Demo-Classifier-v1,0.88,Synthetic explanation for software testing only; clinician review is required.
P01415,Seasonal Allergy,routine_review,MediSense-Demo-Classifier-v1,0.64,Synthetic explanation for software testing only; clinician review is required.
P01416,Gastroenteritis,routine_review,MediSense-Demo-Classifier-v1,0.79,Synthetic explanation for software testing only; clinician review is required.
P01417,Seasonal Allergy,routine_review,MediSense-Demo-Classifier-v1,0.71,Synthetic explanation for software testing only; clinician review is required.
P01418,Common Cold,routine_review,MediSense-Demo-Classifier-v1,0.93,Synthetic explanation for software testing only; clinician review is required.
P01419,Gastroenteritis,routine_review,MediSense-Demo-Classifier-v1,0.89,Synthetic explanation for software testing only; clinician review is required.
P01420,Asthma Exacerbation,urgent_review,MediSense-Demo-Classifier-v1,0.66,Synthetic explanation for software testing only; clinician review is required.
P01421,Migraine,routine_review,MediSense-Demo-Classifier-v1,0.7,Synthetic explanation for software testing only; clinician review is required.
P01422,Asthma Exacerbation,urgent_review,MediSense-Demo-Classifier-v1,0.77,Synthetic explanation for software testing only; clinician review is required.
P01423,Migraine,routine_review,MediSense-Demo-Classifier-v1,0.95,Synthetic explanation for software testing only; clinician review is required.
P01424,Migraine,routine_review,MediSense-Demo-Classifier-v1,0.66,Synthetic explanation for software testing only; clinician review is required.
P01425,Hypertension,routine_review,MediSense-Demo-Classifier-v1,0.81,Synthetic explanation for software testing only; clinician review is required.
P01426,Type 2 Diabetes,routine_review,MediSense-Demo-Classifier-v1,0.74,Synthetic explanation for software testing only; clinician review is required.
P01427,Migraine,routine_review,MediSense-Demo-Classifier-v1,0.84,Synthetic explanation for software testing only; clinician review is required.
P01428,Asthma Exacerbation,urgent_review,MediSense-Demo-Classifier-v1,0.84,Synthetic explanation for software testing only; clinician review is required.
P01429,Migraine,priority_review,MediSense-Demo-Classifier-v1,0.7,Synthetic explanation for software testing only; clinician review is required.
P01430,Common Cold,routine_review,MediSense-Demo-Classifier-v1,0.89,Synthetic explanation for software testing only; clinician review is required.
P01431,Viral Fever,priority_review,MediSense-Demo-Classifier-v1,0.65,Synthetic explanation for software testing only; clinician review is required.
P01432,Seasonal Allergy,routine_review,MediSense-Demo-Classifier-v1,0.9,Synthetic explanation for software testing only; clinician review is required.
P01433,Gastroenteritis,routine_review,MediSense-Demo-Classifier-v1,0.69,Synthetic explanation for software testing only; clinician review is required.
P01434,Urinary Tract Infection,routine_review,MediSense-Demo-Classifier-v1,0.82,Synthetic explanation for software testing only; clinician review is required.
P01435,Seasonal Allergy,routine_review,MediSense-Demo-Classifier-v1,0.74,Synthetic explanation for software testing only; clinician review is required.
P01436,Common Cold,routine_review,MediSense-Demo-Classifier-v1,0.83,Synthetic explanation for software testing only; clinician review is required.
P01437,Migraine,priority_review,MediSense-Demo-Classifier-v1,0.71,Synthetic explanation for software testing only; clinician review is required.
P01438,Acid Reflux,priority_review,MediSense-Demo-Classifier-v1,0.81,Synthetic explanation for software testing only; clinician review is required.
P01439,Asthma Exacerbation,urgent_review,MediSense-Demo-Classifier-v1,0.62,Synthetic explanation for software testing only; clinician review is required.
P01440,Gastroenteritis,routine_review,MediSense-Demo-Classifier-v1,0.75,Synthetic explanation for software testing only; clinician review is required.
P01441,Common Cold,routine_review,MediSense-Demo-Classifier-v1,0.9,Synthetic explanation for software testing only; clinician review is required.
P01442,Asthma Exacerbation,urgent_review,MediSense-Demo-Classifier-v1,0.78,Synthetic explanation for software testing only; clinician review is required.
P01443,Common Cold,priority_review,MediSense-Demo-Classifier-v1,0.79,Synthetic explanation for software testing only; clinician review is required.
P01444,Urinary Tract Infection,routine_review,MediSense-Demo-Classifier-v1,0.83,Synthetic explanation for software testing only; clinician review is required.
P01445,Viral Fever,routine_review,MediSense-Demo-Classifier-v1,0.77,Synthetic explanation for software testing only; clinician review is required.
P01446,Gastroenteritis,routine_review,MediSense-Demo-Classifier-v1,0.91,Synthetic explanation for software testing only; clinician review is required.
P01447,Migraine,routine_review,MediSense-Demo-Classifier-v1,0.76,Synthetic explanation for software testing only; clinician review is required.
P01448,Common Cold,routine_review,MediSense-Demo-Classifier-v1,0.94,Synthetic explanation for software testing only; clinician review is required.
P01449,Common Cold,priority_review,MediSense-Demo-Classifier-v1,0.92,Synthetic explanation for software testing only; clinician review is required.
P01450,Gastroenteritis,routine_review,MediSense-Demo-Classifier-v1,0.76,Synthetic explanation for software testing only; clinician review is required.
P01451,Type 2 Diabetes,routine_review,MediSense-Demo-Classifier-v1,0.74,Synthetic explanation for software testing only; clinician review is required.
P01452,Seasonal Allergy,routine_review,MediSense-Demo-Classifier-v1,0.85,Synthetic explanation for software testing only; clinician review is required.
P01453,Asthma Exacerbation,urgent_review,MediSense-Demo-Classifier-v1,0.88,Synthetic explanation for software testing only; clinician review is required.
P01454,Viral Fever,routine_review,MediSense-Demo-Classifier-v1,0.68,Synthetic explanation for software testing only; clinician review is required.
P01455,Common Cold,priority_review,MediSense-Demo-Classifier-v1,0.7,Synthetic explanation for software testing only; clinician review is required.
P01456,Common Cold,routine_review,MediSense-Demo-Classifier-v1,0.67,Synthetic explanation for software testing only; clinician review is required.
P01457,Migraine,urgent_review,MediSense-Demo-Classifier-v1,0.88,Synthetic explanation for software testing only; clinician review is required.
P01458,Viral Fever,priority_review,MediSense-Demo-Classifier-v1,0.86,Synthetic explanation for software testing only; clinician review is required.
P01459,Gastroenteritis,routine_review,MediSense-Demo-Classifier-v1,0.68,Synthetic explanation for software testing only; clinician review is required.
P01460,Viral Fever,priority_review,MediSense-Demo-Classifier-v1,0.8,Synthetic explanation for software testing only; clinician review is required.
P01461,Type 2 Diabetes,routine_review,MediSense-Demo-Classifier-v1,0.88,Synthetic explanation for software testing only; clinician review is required.
P01462,Viral Fever,routine_review,MediSense-Demo-Classifier-v1,0.94,Synthetic explanation for software testing only; clinician review is required.
P01463,Acid Reflux,priority_review,MediSense-Demo-Classifier-v1,0.68,Synthetic explanation for software testing only; clinician review is required.
P01464,Viral Fever,routine_review,MediSense-Demo-Classifier-v1,0.72,Synthetic explanation for software testing only; clinician review is required.
P01465,Type 2 Diabetes,priority_review,MediSense-Demo-Classifier-v1,0.74,Synthetic explanation for software testing only; clinician review is required.
P01466,Hypertension,routine_review,MediSense-Demo-Classifier-v1,0.83,Synthetic explanation for software testing only; clinician review is required.
P01467,Viral Fever,routine_review,MediSense-Demo-Classifier-v1,0.67,Synthetic explanation for software testing only; clinician review is required.
P01468,Hypertension,routine_review,MediSense-Demo-Classifier-v1,0.69,Synthetic explanation for software testing only; clinician review is required.
P01469,Acid Reflux,routine_review,MediSense-Demo-Classifier-v1,0.89,Synthetic explanation for software testing only; clinician review is required.
P01470,Urinary Tract Infection,priority_review,MediSense-Demo-Classifier-v1,0.8,Synthetic explanation for software testing only; clinician review is required.
P01471,Viral Fever,routine_review,MediSense-Demo-Classifier-v1,0.67,Synthetic explanation for software testing only; clinician review is required.
P01472,Urinary Tract Infection,routine_review,MediSense-Demo-Classifier-v1,0.75,Synthetic explanation for software testing only; clinician review is required.
P01473,Type 2 Diabetes,routine_review,MediSense-Demo-Classifier-v1,0.67,Synthetic explanation for software testing only; clinician review is required.
P01474,Gastroenteritis,routine_review,MediSense-Demo-Classifier-v1,0.74,Synthetic explanation for software testing only; clinician review is required.
P01475,Hypertension,routine_review,MediSense-Demo-Classifier-v1,0.76,Synthetic explanation for software testing only; clinician review is required.
P01476,Hypertension,routine_review,MediSense-Demo-Classifier-v1,0.66,Synthetic explanation for software testing only; clinician review is required.
P01477,Acid Reflux,priority_review,MediSense-Demo-Classifier-v1,0.64,Synthetic explanation for software testing only; clinician review is required.
P01478,Seasonal Allergy,routine_review,MediSense-Demo-Classifier-v1,0.92,Synthetic explanation for software testing only; clinician review is required.
P01479,Viral Fever,routine_review,MediSense-Demo-Classifier-v1,0.92,Synthetic explanation for software testing only; clinician review is required.
P01480,Viral Fever,routine_review,MediSense-Demo-Classifier-v1,0.62,Synthetic explanation for software testing only; clinician review is required.
P01481,Acid Reflux,priority_review,MediSense-Demo-Classifier-v1,0.84,Synthetic explanation for software testing only; clinician review is required.
P01482,Type 2 Diabetes,routine_review,MediSense-Demo-Classifier-v1,0.65,Synthetic explanation for software testing only; clinician review is required.
P01483,Asthma Exacerbation,urgent_review,MediSense-Demo-Classifier-v1,0.9,Synthetic explanation for software testing only; clinician review is required.
P01484,Asthma Exacerbation,urgent_review,MediSense-Demo-Classifier-v1,0.92,Synthetic explanation for software testing only; clinician review is required.
P01485,Common Cold,routine_review,MediSense-Demo-Classifier-v1,0.83,Synthetic explanation for software testing only; clinician review is required.
P01486,Acid Reflux,urgent_review,MediSense-Demo-Classifier-v1,0.83,Synthetic explanation for software testing only; clinician review is required.
P01487,Seasonal Allergy,priority_review,MediSense-Demo-Classifier-v1,0.75,Synthetic explanation for software testing only; clinician review is required.
P01488,Viral Fever,routine_review,MediSense-Demo-Classifier-v1,0.7,Synthetic explanation for software testing only; clinician review is required.
P01489,Hypertension,routine_review,MediSense-Demo-Classifier-v1,0.79,Synthetic explanation for software testing only; clinician review is required.
P01490,Gastroenteritis,routine_review,MediSense-Demo-Classifier-v1,0.67,Synthetic explanation for software testing only; clinician review is required.
P01491,Seasonal Allergy,routine_review,MediSense-Demo-Classifier-v1,0.85,Synthetic explanation for software testing only; clinician review is required.
P01492,Seasonal Allergy,routine_review,MediSense-Demo-Classifier-v1,0.78,Synthetic explanation for software testing only; clinician review is required.
P01493,Type 2 Diabetes,priority_review,MediSense-Demo-Classifier-v1,0.68,Synthetic explanation for software testing only; clinician review is required.
P01494,Urinary Tract Infection,routine_review,MediSense-Demo-Classifier-v1,0.82,Synthetic explanation for software testing only; clinician review is required.
P01495,Common Cold,routine_review,MediSense-Demo-Classifier-v1,0.89,Synthetic explanation for software testing only; clinician review is required.
P01496,Viral Fever,routine_review,MediSense-Demo-Classifier-v1,0.82,Synthetic explanation for software testing only; clinician review is required.
P01497,Seasonal Allergy,routine_review,MediSense-Demo-Classifier-v1,0.8,Synthetic explanation for software testing only; clinician review is required.
P01498,Type 2 Diabetes,priority_review,MediSense-Demo-Classifier-v1,0.91,Synthetic explanation for software testing only; clinician review is required.
P01499,Migraine,routine_review,MediSense-Demo-Classifier-v1,0.62,Synthetic explanation for software testing only; clinician review is required.
P01500,Seasonal Allergy,routine_review,MediSense-Demo-Classifier-v1,0.83,Synthetic explanation for software testing only; clinician review is required.
